0_Acc_N_Fil,0_Gyro_x_R,0_Gyro_y_R,0_Gyro_z_R,0_Gyro_x_Fil,0_Gyro_y_Fil,0_Gyro_z_Fil,5_Acc_N_Fil,5_Gyro_x_R,5_Gyro_y_R,5_Gyro_z_R,5_Gyro_x_Fil,5_Gyro_y_Fil,5_Gyro_z_Fil,10_Acc_N_Fil,10_Gyro_x_R,10_Gyro_y_R,10_Gyro_z_R,10_Gyro_x_Fil,10_Gyro_y_Fil,10_Gyro_z_Fil,15_Acc_N_Fil,15_Gyro_x_R,15_Gyro_y_R,15_Gyro_z_R,15_Gyro_x_Fil,15_Gyro_y_Fil,15_Gyro_z_Fil,20_Acc_N_Fil,20_Gyro_x_R,20_Gyro_y_R,20_Gyro_z_R,20_Gyro_x_Fil,20_Gyro_y_Fil,20_Gyro_z_Fil,25_Acc_N_Fil,25_Gyro_x_R,25_Gyro_y_R,25_Gyro_z_R,25_Gyro_x_Fil,25_Gyro_y_Fil,25_Gyro_z_Fil,30_Acc_N_Fil,30_Gyro_x_R,30_Gyro_y_R,30_Gyro_z_R,30_Gyro_x_Fil,30_Gyro_y_Fil,30_Gyro_z_Fil,35_Acc_N_Fil,35_Gyro_x_R,35_Gyro_y_R,35_Gyro_z_R,35_Gyro_x_Fil,35_Gyro_y_Fil,35_Gyro_z_Fil,40_Acc_N_Fil,40_Gyro_x_R,40_Gyro_y_R,40_Gyro_z_R,40_Gyro_x_Fil,40_Gyro_y_Fil,40_Gyro_z_Fil,45_Acc_N_Fil,45_Gyro_x_R,45_Gyro_y_R,45_Gyro_z_R,45_Gyro_x_Fil,45_Gyro_y_Fil,45_Gyro_z_Fil,50_Acc_N_Fil,50_Gyro_x_R,50_Gyro_y_R,50_Gyro_z_R,50_Gyro_x_Fil,50_Gyro_y_Fil,50_Gyro_z_Fil,55_Acc_N_Fil,55_Gyro_x_R,55_Gyro_y_R,55_Gyro_z_R,55_Gyro_x_Fil,55_Gyro_y_Fil,55_Gyro_z_Fil,60_Acc_N_Fil,60_Gyro_x_R,60_Gyro_y_R,60_Gyro_z_R,60_Gyro_x_Fil,60_Gyro_y_Fil,60_Gyro_z_Fil,65_Acc_N_Fil,65_Gyro_x_R,65_Gyro_y_R,65_Gyro_z_R,65_Gyro_x_Fil,65_Gyro_y_Fil,65_Gyro_z_Fil,70_Acc_N_Fil,70_Gyro_x_R,70_Gyro_y_R,70_Gyro_z_R,70_Gyro_x_Fil,70_Gyro_y_Fil,70_Gyro_z_Fil,75_Acc_N_Fil,75_Gyro_x_R,75_Gyro_y_R,75_Gyro_z_R,75_Gyro_x_Fil,75_Gyro_y_Fil,75_Gyro_z_Fil,80_Acc_N_Fil,80_Gyro_x_R,80_Gyro_y_R,80_Gyro_z_R,80_Gyro_x_Fil,80_Gyro_y_Fil,80_Gyro_z_Fil,85_Acc_N_Fil,85_Gyro_x_R,85_Gyro_y_R,85_Gyro_z_R,85_Gyro_x_Fil,85_Gyro_y_Fil,85_Gyro_z_Fil,90_Acc_N_Fil,90_Gyro_x_R,90_Gyro_y_R,90_Gyro_z_R,90_Gyro_x_Fil,90_Gyro_y_Fil,90_Gyro_z_Fil,95_Acc_N_Fil,95_Gyro_x_R,95_Gyro_y_R,95_Gyro_z_R,95_Gyro_x_Fil,95_Gyro_y_Fil,95_Gyro_z_Fil,Sprungtyp,SprungID
100.421,7.39,119.712,5.466,7.975,136.097,-1.069,54.868,4.572,206.625,-5.637,4.097,191.096,-4.12,6.174,0.098,56.407,9.735,1.393,59.411,5.803,9.146,2.593,-41.925,2.704,1.456,-41.011,0.82,10.108,-6.346,14.338,-7.89,-6.493,30.482,-6.968,11.757,-6.283,361.768,-7.965,-4.926,350.606,-9.506,16.957,6.36,500.632,-5.654,5.698,493.181,-5.322,20.554,9.821,473.596,-1.027,9.589,469.693,-0.493,15.36,14.403,385.369,0.004,13.712,381.848,-0.281,9.275,18.67,271.036,-7.933,17.728,269.31,-8.176,5.415,8.906,197.386,-6.928,10.169,197.217,-7.074,4.047,6.132,154.543,-2.984,6.643,155.986,-3.89,3.961,6.334,134.155,-2.109,6.21,134.676,-2.469,4.006,6.105,121.87,-3.036,6.194,122.039,-3.216,3.915,5.297,111.837,-3.91,5.133,111.809,-4.168,3.911,2.798,102.786,-5.294,2.933,102.548,-5.3,4.178,0.57,93.276,-6.882,0.144,93.759,-6.146,5.14,-5.379,90.098,0.333,-4.812,91.661,0.508,5.144,1.653,126.309,5.42,1.122,128.35,4.557,27.676,18.017,254.665,-14.936,14.231,230.047,-9.987,Salto C,generated_Mean_Salto C
90.904,-1.087,96.179,-2.985,1.151,103.79,-7.084,57.105,-0.156,92.024,-4.532,-0.204,89.656,-4.238,8.864,-3.591,58.069,8.769,-2.77,55.9,6.045,2.322,-1.253,33.261,3.84,-1.171,30.362,5.463,1.657,-1.197,8.122,4.803,-0.724,9.09,4.717,1.279,0.625,-3.792,3.83,0.6,-3.416,3.814,1.136,0.439,-17.383,1.231,0.565,-17.466,1.658,0.984,1.962,-30.02,1.66,1.786,-29.794,1.73,0.963,1.202,-36.773,1.453,1.138,-36.461,1.152,1.001,-0.627,-38.806,-0.606,-0.711,-38.569,-0.577,0.99,-1.049,-36.573,0.122,-1.168,-36.97,0.395,0.975,-2.016,-36.643,2.725,-1.899,-36.299,2.699,0.978,-1.648,-33.289,3.164,-1.74,-33.194,2.989,1.005,-1.468,-30.204,1.931,-1.584,-30.425,1.63,0.969,-1.815,-28.812,0.213,-1.822,-28.689,0.577,0.997,-1.324,-25.452,0.677,-1.339,-25.926,0.93,1.127,-1.135,-23.446,2.023,-1.166,-23.337,1.953,1.715,-1.942,-18.916,5.181,-1.618,-17.831,4.813,6.002,1.599,-0.61,-0.705,0.917,6.014,-0.282,36.204,-2.229,110.534,-7.373,-0.699,100.293,-6.975,Strecksprung,generated_Mean_Strecksprung
95.158,18.012,98.038,-23.911,20.102,131.143,-17.962,58.649,5.85,195.61,-8.496,5.464,182.306,-9.437,8.365,4.483,75.912,-1.054,3.756,81.922,-3.147,7.078,4.642,-51.294,-11.663,2.56,-52.897,-8.404,12.289,-5.0,-154.344,0.815,-5.898,-138.191,0.363,8.844,-3.824,-9.707,-2.148,-4.114,-1.111,-3.315,11.473,2.101,284.547,-15.463,1.628,280.189,-13.029,18.765,8.082,476.936,-8.422,8.296,471.245,-9.69,24.211,24.364,529.636,-4.499,23.089,522.609,-6.222,22.424,27.017,480.13,-12.366,27.008,475.09,-12.174,15.528,25.39,357.101,-22.097,24.2,357.008,-21.23,8.13,11.188,235.319,-26.023,11.182,236.078,-23.587,4.93,5.23,158.553,-11.084,5.501,160.096,-11.231,4.324,4.639,122.293,-5.686,4.535,123.009,-5.935,4.587,4.419,106.802,-7.963,4.322,107.38,-7.669,4.78,3.383,102.833,-7.436,3.391,103.387,-7.491,4.997,2.097,106.471,-7.509,1.991,106.616,-6.562,5.438,-0.772,118.607,1.423,-0.376,119.637,1.073,4.499,3.036,160.901,0.667,3.334,164.517,-2.805,33.51,13.836,256.834,-27.828,12.256,233.297,-22.784,Salto B,generated_Mean_Salto B
94.009,7.4,126.63,7.937,13.908,119.355,-11.185,55.106,6.348,173.518,-19.619,6.273,163.878,-16.552,7.568,8.755,155.941,7.195,7.216,148.346,0.766,4.703,8.286,105.668,-25.663,7.689,107.146,-19.693,6.29,-3.858,83.16,-14.804,-3.186,84.863,-13.501,8.003,-4.318,118.967,-10.261,-4.046,117.896,-11.11,8.124,2.059,153.448,-8.589,1.589,151.887,-9.159,7.892,4.847,165.563,-11.183,4.893,165.275,-10.731,7.402,8.763,163.148,-9.452,8.587,163.975,-10.715,7.02,7.448,162.367,-13.354,7.536,162.138,-12.985,6.775,6.164,155.691,-11.572,6.088,155.64,-11.408,6.728,4.947,144.48,-9.129,4.664,144.626,-9.557,6.736,2.988,131.407,-8.851,2.857,131.499,-9.35,6.848,0.676,118.722,-11.025,0.598,119.356,-10.645,7.079,-1.249,110.814,-9.603,-1.127,111.313,-9.857,7.265,-0.993,110.497,-8.089,-1.028,111.029,-8.872,7.5,-1.815,117.511,-11.171,-2.006,116.933,-10.754,7.607,-4.298,124.479,-4.982,-3.827,125.867,-5.659,5.29,-0.758,157.005,-10.788,-1.117,159.407,-10.572,34.389,11.917,204.867,-31.959,8.223,190.414,-28.36,Salto A,generated_Mean_Salto A
94.427,9.098,-11.649,-8.069,11.932,-4.968,5.072,62.917,-2.053,-126.093,35.89,-5.474,-134.762,37.653,11.425,-34.39,-299.121,84.375,-31.301,-277.046,75.569,6.902,-32.452,-148.353,77.711,-31.434,-160.658,81.294,8.121,-35.3,-98.067,87.781,-35.238,-99.116,87.845,7.424,-46.724,-95.636,100.987,-48.62,-97.996,100.627,7.936,-80.07,-131.74,114.543,-79.686,-128.242,115.763,9.655,-111.364,-128.192,144.67,-110.892,-125.514,147.056,10.201,-134.123,-88.76,198.739,-132.458,-88.101,196.482,10.243,-137.404,-32.015,230.351,-136.167,-31.722,229.652,10.213,-123.107,30.5,242.493,-123.014,29.149,239.996,9.639,-100.191,76.948,217.357,-100.12,76.551,216.126,8.873,-68.174,106.783,174.704,-68.97,106.366,174.428,8.477,-42.164,124.661,124.304,-42.961,124.938,124.613,8.389,-27.444,141.395,76.437,-27.003,141.364,77.717,8.526,-13.59,159.594,45.275,-14.132,159.499,45.891,8.671,-12.063,181.429,25.494,-11.381,182.382,25.706,8.393,-3.952,217.327,17.546,-3.937,217.924,16.698,6.011,4.882,266.342,-0.27,4.007,268.833,-1.862,34.278,8.596,304.284,-37.421,6.917,290.099,-27.613,Barani A,generated_Mean_Barani A
87.366,26.347,172.739,-15.244,29.013,214.778,-13.999,52.145,22.854,318.328,-33.298,22.576,294.642,-26.059,8.688,4.583,149.594,2.467,7.436,161.778,-12.171,11.78,0.438,19.704,-44.738,0.461,34.772,-34.781,21.335,4.859,88.089,5.898,2.97,97.073,2.796,28.218,-2.692,355.026,-6.897,-3.426,363.211,-9.19,42.444,-6.218,699.547,-26.685,-5.283,677.986,-21.888,47.604,-0.854,729.757,-15.774,-0.681,732.913,-11.083,51.177,7.785,759.281,-3.678,7.682,759.192,-4.312,53.805,16.694,792.557,-13.394,16.958,792.947,-11.816,52.159,30.332,816.359,-5.111,30.991,811.645,-5.978,46.28,54.798,753.222,-12.308,53.217,748.938,-8.024,33.101,64.435,613.465,-18.084,63.654,612.414,-17.117,19.936,55.22,468.547,-29.842,54.179,451.916,-26.386,12.502,35.744,294.484,-29.668,36.23,292.289,-26.694,9.951,19.329,197.268,-28.024,19.857,199.808,-27.575,10.099,8.31,170.453,-25.651,8.912,173.016,-24.222,10.648,6.371,198.56,-14.462,7.088,200.22,-15.515,9.149,11.709,259.159,-15.6,10.141,258.004,-15.183,26.695,7.033,306.167,-42.096,5.621,291.064,-27.808,Doppelsalto C,generated_Mean_Doppelsalto C
88.88,14.527,65.458,33.975,11.203,67.118,10.145,62.543,2.987,98.185,2.178,4.077,97.48,6.518,8.355,4.173,104.127,18.707,5.004,106.754,15.715,3.013,5.38,93.425,-5.14,5.726,93.579,-2.638,2.721,1.0,63.196,-2.125,-0.011,64.463,-1.441,3.783,-1.558,52.385,-11.258,-1.377,52.29,-9.395,3.916,2.671,74.578,-12.258,2.315,74.037,-10.955,4.282,6.149,103.073,-2.38,5.737,104.556,-3.688,4.284,8.604,130.824,-4.189,7.765,130.627,-5.06,4.054,7.804,145.653,-3.029,8.963,143.82,-3.98,3.946,11.28,146.375,-3.485,9.961,146.81,-4.512,4.02,6.669,140.715,-5.818,5.796,141.689,-6.209,3.982,3.087,134.34,-11.696,2.844,134.269,-11.429,4.142,2.66,128.811,-8.653,2.227,130.277,-9.439,4.819,1.265,126.151,-9.453,1.117,129.942,-9.53,5.136,-0.458,132.429,-11.631,-0.955,131.557,-11.309,5.073,-5.129,145.469,-5.78,-4.84,143.283,-2.712,5.013,11.187,141.509,20.327,8.713,143.918,16.539,3.427,18.596,167.842,-5.133,18.777,165.142,-11.736,37.518,17.698,206.475,-109.933,17.09,150.947,-74.82,3/4 Salto rw A,generated_Mean_3/4 Salto rw A
116.119,4.52,-10.995,-31.584,6.013,-21.242,-24.749,66.475,-0.367,-89.698,17.525,-8.83,-83.844,28.729,17.593,-25.631,-116.3,54.505,-30.904,-116.8,46.53,15.446,-9.616,-6.456,12.035,-11.456,-22.161,10.593,14.787,-7.567,136.933,-7.367,-3.621,144.474,-1.944,27.526,-8.151,422.084,-0.311,-4.0,412.78,-3.11,31.072,2.938,457.785,1.104,4.703,452.776,1.449,31.426,-8.218,451.416,-5.382,-1.182,441.702,-5.687,22.644,9.256,341.544,-67.971,5.757,324.053,-42.901,14.567,-16.589,244.165,-13.582,-11.804,223.546,-21.714,10.305,-21.967,152.66,12.322,-18.647,158.516,-4.082,6.518,-21.578,123.958,-3.102,-20.255,141.936,-6.469,5.972,-6.318,122.509,-3.324,-6.57,126.926,-4.56,5.847,-4.818,117.018,-0.324,-4.229,117.341,-0.716,6.128,-4.615,109.042,2.44,-4.897,108.42,1.881,6.876,-3.922,98.562,-2.255,-4.691,99.66,-1.935,7.89,-9.322,104.845,-0.578,-8.588,103.971,0.282,7.644,-8.564,118.362,10.527,-9.416,117.726,9.045,4.857,-8.647,151.136,-12.487,-9.899,156.165,-9.267,27.134,9.965,281.851,-34.635,2.881,249.331,-26.948,Cody C,generated_Mean_Cody C
98.546,7.425,145.631,0.678,11.463,180.398,15.664,54.243,-0.84,259.585,22.022,0.04,250.975,25.737,6.451,8.476,221.88,35.855,9.015,222.976,41.587,3.948,51.602,162.285,52.347,48.78,160.471,58.059,4.203,53.444,106.169,74.338,55.438,111.725,79.125,3.85,88.9,95.689,102.005,88.815,95.289,99.692,4.228,112.535,56.655,101.947,112.1,53.858,101.939,5.043,114.436,-20.313,112.938,114.123,-20.484,112.327,6.981,107.131,-106.515,133.244,105.883,-104.969,133.861,9.545,84.624,-171.896,159.365,83.237,-168.992,157.87,11.178,38.824,-186.947,167.782,39.32,-185.436,168.958,12.028,8.833,-154.78,199.382,9.163,-151.616,199.303,11.982,-9.596,-66.398,224.822,-9.413,-64.726,221.452,10.834,-30.173,44.116,204.633,-29.701,39.483,201.961,9.278,-39.458,119.845,152.153,-38.987,116.655,151.613,8.21,-32.475,174.031,99.749,-33.075,169.268,100.613,7.992,-28.073,177.765,61.815,-28.186,177.043,63.246,7.987,-25.431,178.676,50.327,-24.437,182.56,46.996,6.103,-13.945,217.618,43.173,-13.175,219.08,41.926,23.314,42.122,299.609,-28.049,23.005,284.699,-12.446,Schraubensalto,generated_Mean_Schraubensalto
97.529,13.012,-45.396,23.33,15.775,9.353,14.297,57.199,7.367,-159.4,58.611,5.544,-171.061,56.238,11.641,-41.183,-376.353,117.337,-36.482,-357.806,114.421,10.932,-49.6,-277.767,197.025,-46.122,-285.574,205.753,13.616,-23.93,-196.396,389.079,-23.222,-194.226,389.042,15.151,8.912,-124.549,566.219,13.625,-123.898,551.214,17.69,99.952,-35.629,617.647,97.543,-37.92,612.405,17.633,175.971,16.466,673.186,178.739,8.432,659.288,18.283,260.932,-21.323,626.945,255.986,-23.382,633.891,16.607,276.428,-108.094,617.443,271.352,-104.562,616.702,17.422,218.596,-140.874,608.737,218.185,-137.583,607.219,16.961,142.359,-64.488,599.177,139.419,-65.26,594.515,14.462,54.432,64.12,500.389,56.879,60.184,497.961,11.764,11.582,159.985,342.168,15.344,154.126,341.622,9.808,13.313,185.246,200.004,11.987,185.466,203.154,9.459,7.332,220.552,106.577,5.705,221.561,111.509,9.089,-4.508,254.586,76.306,-2.954,253.721,77.767,8.566,4.121,285.481,75.679,6.438,284.61,73.708,6.83,46.081,334.003,42.4,42.004,329.796,43.183,38.404,65.657,291.272,17.113,61.178,286.894,-8.547,Rudi,generated_Mean_Rudi
101.414,26.954,-184.938,50.652,39.218,-48.866,-11.917,57.043,-36.776,-361.53,154.166,-43.454,-367.141,140.59,32.387,-104.916,-573.102,15.574,-94.64,-609.393,32.365,35.536,-53.126,-694.132,21.934,-46.619,-671.862,23.167,45.206,-6.356,-628.472,20.706,-11.442,-635.411,47.951,57.415,-24.03,-625.08,29.138,-17.969,-627.266,36.678,55.375,-51.35,-681.808,98.632,-46.564,-668.44,86.229,55.785,-86.864,-652.42,145.758,-92.018,-643.165,147.218,44.39,-156.752,-526.07,204.184,-152.41,-515.743,217.897,36.217,-124.764,-280.108,407.744,-122.46,-280.133,427.203,32.923,-26.654,-95.732,762.544,-1.105,-98.351,746.408,36.268,308.496,29.992,870.03,285.13,17.13,869.639,37.811,420.018,-59.656,890.832,414.48,-53.104,882.46,39.524,357.48,-263.274,843.34,353.364,-237.338,846.856,39.95,153.726,-120.898,852.724,156.688,-107.384,841.019,29.159,7.852,203.6,624.926,21.333,178.852,628.332,20.027,20.844,246.692,373.036,22.737,244.897,378.648,19.139,69.714,315.27,222.962,73.97,313.336,220.716,14.539,134.212,401.98,100.236,133.566,402.467,90.196,29.599,173.408,473.766,-93.08,160.45,442.494,-91.342,Fliffis- Rudi C,generated_Mean_Fliffis- Rudi C
95.123,5.971,43.783,2.158,8.269,48.219,2.925,64.498,13.911,-67.795,31.796,12.277,-77.371,30.637,11.164,-2.508,-298.558,57.756,-3.132,-279.828,55.224,11.967,-11.49,-365.597,20.539,-13.271,-376.206,29.156,15.524,-14.282,-418.596,58.92,-15.315,-419.079,59.43,14.878,-27.9,-413.483,86.823,-27.755,-405.278,87.802,12.555,-36.472,-267.554,120.106,-34.66,-264.932,128.037,11.741,-13.399,-95.642,198.06,-14.75,-102.333,192.84,10.336,-17.826,-29.73,218.302,-17.95,-32.243,218.913,8.31,-34.025,-17.377,239.463,-34.889,-18.846,239.395,7.978,-56.741,-3.894,239.66,-56.113,-2.321,235.286,7.198,-74.209,38.801,226.38,-72.399,39.148,224.429,6.589,-71.019,81.803,199.172,-69.684,80.574,198.014,5.911,-53.417,104.782,157.282,-53.612,104.609,157.849,5.424,-36.554,117.305,125.31,-36.556,117.101,125.841,5.409,-19.92,124.774,96.349,-20.677,124.178,96.83,5.725,-13.031,127.749,69.723,-12.839,128.998,70.799,6.657,-6.631,152.512,61.542,-6.197,152.285,59.982,4.811,11.683,189.703,32.253,8.007,192.293,29.239,36.477,1.857,275.877,-10.277,-1.997,247.463,-7.199,Barani C,generated_Mean_Barani C
92.522,1.588,62.747,-6.558,10.588,89.282,-3.486,54.701,4.303,112.689,-1.649,1.778,105.904,-0.808,9.032,-1.634,20.535,22.913,-0.565,19.074,16.91,3.53,2.663,-30.272,11.704,1.224,-40.789,10.763,4.042,-6.27,-90.774,-1.105,-5.069,-94.101,0.749,4.951,-7.269,-162.91,5.981,-6.366,-159.623,3.622,5.671,-5.599,-208.172,10.334,-5.88,-204.642,10.405,8.934,-6.617,-199.68,16.69,-4.874,-196.45,13.905,9.278,-2.216,-143.078,5.082,-3.456,-134.985,3.121,8.58,-3.258,-24.708,-1.815,-4.002,-26.09,-2.09,8.111,-0.178,64.218,7.036,-0.778,62.35,2.152,7.468,-5.471,115.684,-8.23,-4.267,112.363,-6.291,5.906,-4.382,126.279,-9.335,-4.138,123.651,-7.123,4.101,-2.57,104.581,-1.434,-3.114,102.801,-2.046,3.167,-4.94,71.633,0.056,-4.359,71.223,0.97,2.469,-2.458,51.34,-2.525,-2.918,51.297,-1.254,2.306,-1.843,35.719,3.337,-1.11,37.203,3.767,3.036,-1.19,42.642,16.4,-2.369,41.191,14.749,4.541,-4.418,37.971,6.018,-3.037,41.03,3.689,39.137,-1.404,62.358,7.367,1.459,59.766,4.981,Gr채tschwinkel,generated_Mean_Gr채tschwinkel
95.114,25.133,26.011,-7.711,21.675,43.252,0.266,71.647,-16.485,-203.975,36.917,-18.578,-215.31,37.414,25.034,-51.969,-503.871,28.839,-49.486,-499.088,24.631,27.452,-15.436,-594.871,0.441,-19.846,-607.201,-0.825,40.555,-16.997,-671.699,2.104,-17.323,-664.262,9.567,52.203,-22.388,-642.504,37.516,-20.174,-651.378,28.846,55.702,-20.452,-702.133,19.602,-20.844,-698.619,21.78,54.006,-25.495,-692.969,36.476,-25.033,-687.721,37.316,48.158,-20.596,-587.582,51.493,-23.975,-587.153,54.193,38.572,-41.745,-447.838,87.584,-43.714,-446.769,87.78,28.32,-71.868,-277.063,130.768,-68.133,-278.989,136.436,23.616,-48.977,-121.643,229.917,-51.686,-128.902,221.3,19.416,-59.884,-15.574,231.668,-57.532,-27.981,233.709,17.679,-47.509,59.322,240.154,-48.578,55.908,234.933,15.001,-44.006,132.151,204.561,-43.349,129.176,202.658,13.672,-25.745,174.749,140.394,-26.397,173.34,141.316,13.506,-14.574,195.725,73.776,-15.396,196.38,76.666,13.329,-11.008,231.081,45.555,-9.531,235.466,44.159,10.544,13.856,300.834,27.43,13.452,302.583,20.64,27.705,35.689,347.458,-45.412,25.624,332.765,-44.68,Fliffis C,generated_Mean_Fliffis C
108.309,18.58,133.388,-16.784,19.228,193.426,-8.837,51.655,-11.896,385.552,16.028,-13.651,349.767,7.639,12.641,-51.34,259.76,60.06,-39.571,243.836,21.57,8.646,2.888,159.864,4.988,1.898,161.073,0.93,16.194,-39.032,32.26,-41.044,-40.346,17.911,-30.349,30.296,-68.424,-288.304,33.9,-61.748,-279.541,29.767,41.18,-0.956,-466.308,66.056,-4.376,-466.538,57.864,45.32,10.972,-581.4,-9.04,7.019,-576.849,-5.303,46.7,-1.636,-619.288,-33.916,-3.419,-618.237,-30.323,44.423,-14.104,-564.304,-44.544,-12.367,-564.833,-49.495,43.155,-19.936,-458.104,-130.068,-22.362,-453.163,-123.782,31.842,-62.216,-263.38,-139.112,-55.156,-258.13,-134.089,21.667,1.82,-44.3,-34.096,-7.325,-48.471,-32.327,18.789,80.964,48.464,44.392,64.932,56.357,46.487,15.144,16.968,112.024,49.096,14.937,115.049,63.669,14.197,-17.624,170.952,65.88,-17.87,171.184,68.676,13.691,-25.952,186.14,56.928,-26.423,190.617,55.919,14.422,-32.592,219.732,43.736,-31.812,220.489,41.457,10.563,-3.58,288.004,15.516,-6.928,278.292,25.905,30.579,65.768,329.04,-123.232,41.746,309.171,-46.085,1/2 ein 1/2 aus C,generated_Mean_1/2 ein 1/2 aus C
101.53,31.349,163.316,-9.924,30.657,202.839,-14.483,46.293,13.46,384.172,-37.085,11.923,348.578,-29.265,6.231,13.181,151.6,-25.246,10.26,170.295,-28.348,8.241,3.453,14.031,-17.024,3.111,11.95,-21.017,19.868,-1.491,-111.456,-14.253,-3.756,-77.777,-8.04,13.845,-20.989,201.85,-23.806,-20.796,196.039,-21.349,26.151,-26.447,561.91,7.166,-27.941,544.134,2.486,35.807,-30.324,665.37,1.594,-29.132,660.745,1.57,36.537,-26.008,670.341,2.774,-25.907,672.502,3.951,37.969,-19.071,727.374,2.313,-18.933,728.762,4.221,44.633,1.832,806.053,4.702,0.026,799.805,7.56,47.68,25.271,776.815,15.149,26.542,775.219,13.144,38.871,60.988,650.763,4.95,58.919,657.268,3.167,19.826,55.518,479.274,-26.475,55.463,478.422,-23.388,11.026,39.388,290.718,-24.133,39.312,293.358,-21.619,10.088,22.979,190.225,-17.298,24.341,192.285,-18.463,11.157,13.628,149.099,-22.197,14.112,152.763,-21.504,12.07,3.822,178.907,-16.034,4.828,181.076,-16.73,10.587,6.841,252.224,-10.632,6.469,252.981,-10.814,26.146,21.351,345.653,-38.862,17.339,317.965,-22.682,Doppelsalto B,generated_Mean_Doppelsalto B
93.789,35.869,-1.097,-12.377,38.483,18.244,-20.597,66.773,9.84,-254.446,81.366,5.029,-259.856,93.24,30.849,-131.657,-496.611,253.451,-99.484,-504.019,195.887,30.749,-108.926,-655.194,104.091,-99.381,-641.857,92.53,32.335,-91.589,-686.166,112.949,-88.97,-678.626,104.941,25.099,-70.017,-624.891,81.486,-69.523,-626.333,82.461,29.209,-63.594,-570.309,79.714,-63.36,-570.006,83.08,25.605,-50.069,-530.486,65.389,-51.166,-526.074,66.51,17.367,-33.16,-417.714,17.68,-30.893,-408.837,26.187,9.722,-2.634,-176.217,46.64,-5.843,-178.12,40.211,11.572,-11.114,34.566,55.497,-6.843,21.724,47.597,11.461,14.406,43.057,15.486,10.541,48.803,23.203,5.36,-22.743,-37.423,5.56,-21.309,-46.549,1.676,5.683,-47.469,-260.966,13.903,-45.953,-261.34,16.019,13.573,-37.56,-439.206,40.646,-39.137,-433.163,46.401,20.382,-40.629,-507.84,78.823,-40.096,-506.087,77.907,22.111,-45.96,-525.274,77.377,-46.271,-525.326,82.676,21.488,-44.297,-519.183,92.063,-44.711,-516.466,89.356,25.907,-78.737,-297.606,53.091,-47.21,-423.904,21.923,39.422,-6.629,-190.406,30.423,-11.773,-187.779,22.647,1 3/4 Salto vw B,generated_Mean_1 3/4 Salto vw B
104.397,-12.538,-121.071,-27.884,-1.491,-84.599,-16.666,61.692,27.227,-281.404,15.942,27.093,-292.71,7.294,35.356,36.627,-597.916,-2.204,43.343,-579.538,-10.944,28.152,69.698,-667.293,-9.733,68.438,-672.972,-14.589,41.181,50.12,-686.782,9.16,51.813,-678.898,0.616,52.877,32.991,-648.92,-27.236,38.661,-662.104,-26.64,53.171,49.587,-685.6,-43.422,49.923,-696.436,-42.38,57.32,60.916,-757.511,-31.191,61.072,-751.991,-24.781,51.289,53.453,-747.342,36.044,50.32,-729.367,32.693,38.658,-13.218,-515.191,63.196,-3.626,-510.992,60.176,26.251,-48.031,-240.093,140.089,-38.694,-269.237,141.191,23.603,-3.413,-135.2,315.044,4.851,-141.882,286.662,21.441,75.031,82.409,318.604,71.262,57.278,319.19,15.856,45.524,148.298,296.253,50.022,138.586,288.933,13.904,45.298,157.951,174.987,44.033,158.913,172.479,13.259,20.427,222.356,44.769,19.383,230.28,45.124,13.242,-26.56,310.422,37.796,-17.793,317.27,27.449,14.46,-9.449,295.796,40.213,-4.209,307.702,41.531,11.398,41.12,431.92,28.156,37.78,413.699,9.317,39.767,4.827,458.147,-62.724,3.64,399.32,-48.55,Fliffis aus C,generated_Mean_Fliffis aus C
92.588,32.52,74.189,-47.309,-5.506,193.669,-27.19,51.557,-2.52,336.754,-6.503,-3.051,305.839,-5.713,8.135,1.709,226.32,-24.977,-1.433,194.097,-22.489,5.916,18.914,80.109,-2.103,12.313,18.436,11.493,11.946,4.126,-270.731,33.337,5.736,-255.65,14.709,12.911,5.886,-279.926,38.04,4.027,-238.559,28.756,5.251,16.909,186.451,-13.069,14.369,180.577,-12.263,12.574,3.171,432.686,-5.097,3.486,427.481,-4.646,19.029,6.194,580.051,-28.011,2.136,573.376,-26.111,24.402,-5.04,565.211,-41.577,-8.521,562.546,-37.47,24.509,-33.234,512.646,-10.406,-31.714,505.37,-7.486,13.645,-33.577,385.537,-8.64,-30.713,384.556,-0.93,5.602,-8.177,200.32,9.251,-11.254,203.017,11.473,4.737,5.143,109.714,7.954,3.561,114.73,7.2,5.874,6.503,93.657,-0.76,6.037,96.293,-0.456,5.23,4.52,118.343,5.011,4.099,118.917,5.194,4.4,4.011,188.52,9.886,3.881,183.04,4.663,3.259,-3.291,230.234,-18.349,-1.959,227.23,-13.434,4.544,-7.0,274.789,-30.726,-10.647,276.616,-28.289,48.492,-46.937,94.834,-12.074,-35.899,142.884,-19.111,Salto rw B,generated_Mean_Salto rw B
94.585,-16.345,97.342,-8.938,-9.855,176.854,8.591,42.981,-14.687,379.062,2.32,-11.831,333.941,3.361,8.694,19.178,310.622,-25.044,11.779,280.815,-24.352,5.011,-18.015,224.2,-2.898,-12.626,212.42,-20.641,6.913,-11.124,169.109,-7.055,-14.112,171.181,-7.125,8.752,-20.222,185.891,4.433,-19.282,180.808,6.273,8.095,-24.509,200.847,11.847,-21.32,200.835,12.672,7.433,-13.651,223.6,15.447,-11.48,224.795,16.673,7.202,-6.407,236.68,16.171,-4.468,233.587,16.993,6.973,-2.975,226.407,6.029,-1.947,224.478,7.507,6.63,0.029,206.604,1.847,0.113,205.69,2.664,6.44,5.513,176.462,-1.145,5.53,177.007,-1.7,6.363,8.084,146.298,-6.993,7.58,148.644,-7.936,6.709,2.458,130.927,-14.971,2.456,131.681,-14.839,7.2,-2.418,128.309,-13.335,-2.117,131.025,-13.826,7.327,-3.615,159.535,-5.255,-4.4,161.804,-7.208,7.068,-15.618,211.647,-5.247,-13.926,213.099,-5.398,6.452,-17.469,257.796,-16.04,-16.732,260.235,-12.543,5.872,-11.011,322.073,-24.662,-14.872,316.718,-27.775,51.955,-50.375,174.964,38.276,-42.654,193.659,-7.16,Salto rw A,generated_Mean_Salto rw A
92.021,21.533,-176.533,58.8,-22.13,122.197,-20.23,34.685,-29.68,337.907,26.48,-24.69,292.597,28.357,8.238,22.027,80.707,13.147,10.283,81.213,35.08,12.427,16.147,-182.453,27.76,17.403,-147.127,22.59,10.049,-9.573,-350.48,141.053,-2.34,-221.66,60.457,9.806,51.0,430.227,-33.227,40.627,376.683,-32.053,14.462,12.533,509.027,0.587,16.337,546.92,-15.937,17.462,13.2,669.107,-33.413,10.947,655.543,-36.643,18.002,7.16,633.067,-43.827,9.523,613.303,-32.593,14.532,34.12,364.88,-47.933,12.267,389.81,-8.167,6.971,19.693,348.027,0.667,10.897,247.107,-9.253,4.048,0.413,123.24,4.347,3.803,112.587,-4.933,3.676,6.4,48.133,-17.0,6.223,59.223,-14.267,5.844,0.133,65.107,-15.147,-0.49,67.273,-13.283,4.828,-13.64,97.64,1.507,-10.407,95.663,-1.823,4.417,-10.707,125.747,8.173,-9.177,131.81,8.673,3.325,-2.773,193.827,6.307,-1.91,183.317,3.16,3.75,-1.933,183.187,-18.44,-5.247,196.763,-15.39,5.796,-24.08,297.147,-38.787,-23.427,270.813,-44.557,57.802,-77.707,77.107,71.107,-42.54,108.713,12.6,Salto rw C,generated_Mean_Salto rw C
98.314,-13.893,-6.04,26.198,0.396,-1.54,2.081,48.254,4.018,-40.527,10.696,5.121,-45.827,9.122,6.462,17.136,-90.204,-15.251,13.822,-85.653,-1.143,4.595,15.707,43.109,8.229,13.434,28.432,8.913,3.084,6.987,36.622,15.724,7.265,28.952,13.549,2.318,7.127,1.922,9.818,6.214,1.05,13.113,1.903,3.673,-37.918,15.604,3.096,-37.484,15.619,1.199,1.211,-79.34,2.271,1.127,-79.489,4.647,1.186,1.558,-114.236,7.971,1.935,-112.898,7.623,1.629,5.707,-123.169,8.189,5.062,-122.967,8.358,1.408,6.747,-125.024,8.716,6.687,-125.373,9.606,1.924,8.851,-134.087,15.567,8.076,-134.553,15.718,3.181,3.836,-157.429,21.364,4.837,-155.888,19.643,5.333,7.987,-183.04,18.602,7.445,-181.71,16.907,7.597,5.049,-190.951,18.024,4.847,-194.174,17.651,8.374,-0.58,-217.842,24.28,-0.624,-216.434,21.154,7.805,-5.896,-211.764,19.14,-5.199,-210.866,15.088,7.322,1.576,-166.424,10.078,1.477,-168.17,8.586,8.883,9.929,-113.807,21.224,10.37,-156.507,-3.074,41.198,9.822,-126.958,10.662,5.751,-104.433,15.545,3/4 Salto vw A,generated_Mean_3/4 Salto vw A
107.926,-2.857,9.562,-4.718,0.895,4.659,2.712,48.858,17.264,-1.903,26.939,3.267,-65.636,15.745,20.081,-13.643,-130.32,-27.812,-12.323,-143.321,7.962,17.549,1.536,-269.37,18.29,1.445,-264.263,10.285,24.204,6.282,-369.235,15.817,5.803,-366.861,17.67,30.105,12.663,-422.223,57.544,11.097,-412.895,58.515,28.509,-1.012,-381.496,111.95,-1.874,-376.513,108.678,22.073,-19.43,-284.0,135.784,-20.357,-283.01,140.733,18.425,-34.61,-148.628,225.317,-35.375,-158.723,221.83,14.219,-72.868,-93.863,286.113,-65.11,-89.962,280.873,13.251,-42.03,-15.303,341.583,-43.487,-18.798,331.275,11.577,-23.08,10.125,355.395,-24.694,10.453,352.008,11.315,-23.682,53.873,338.52,-22.024,51.84,335.057,10.115,-8.377,82.311,259.71,-10.215,84.149,257.608,8.949,-11.464,112.812,159.038,-10.842,112.294,160.63,8.455,-10.256,144.729,91.282,-9.565,142.448,95.107,8.64,-2.515,178.245,69.677,-2.142,181.071,69.81,10.272,10.157,245.508,58.17,10.4,247.398,53.925,9.835,28.948,325.144,-4.197,25.592,311.794,-6.84,43.652,15.174,228.617,-66.183,14.305,222.735,-49.652,Baby- Fliffis C,generated_Mean_Baby- Fliffis C
107.671,-6.796,-46.072,-8.584,-2.049,-10.806,-25.932,64.344,40.84,-207.172,-21.268,37.864,-223.535,-17.173,33.455,28.048,-524.0,38.48,33.037,-519.845,26.505,34.41,16.756,-698.82,13.132,17.681,-684.519,14.693,39.878,-7.124,-759.864,19.94,-8.314,-753.52,17.144,41.094,-22.792,-719.468,-18.764,-22.314,-723.043,-6.968,42.002,-14.472,-667.888,-32.068,-12.985,-663.041,-30.742,28.356,29.864,-511.804,-63.332,28.802,-511.701,-57.473,26.074,65.644,-323.432,-88.988,62.324,-331.081,-92.537,26.895,50.704,-248.824,-173.3,55.996,-248.404,-165.527,19.204,108.176,-212.024,-130.86,110.131,-213.995,-133.749,18.121,158.472,-152.184,-85.028,163.518,-145.277,-76.644,20.779,249.56,-62.004,60.556,248.469,-53.544,57.97,19.922,304.48,34.884,128.728,292.718,50.887,120.887,16.698,222.324,190.496,93.344,219.304,181.46,88.653,14.358,111.248,223.632,-15.352,111.275,225.274,-13.274,13.888,27.332,318.804,-68.624,26.72,294.71,-58.638,16.784,-12.956,277.648,-4.552,-10.743,270.063,1.328,15.028,4.464,368.072,21.76,6.44,362.493,27.629,31.819,16.208,480.012,-36.916,18.026,437.889,-9.558,Fliffis aus B,generated_Mean_Fliffis aus B
77.97,-88.52,11.707,35.813,-17.5,-145.517,-65.867,70.333,-40.533,-173.533,19.893,-31.957,-155.103,13.57,27.039,20.64,-128.813,32.147,11.16,-99.96,34.427,4.71,38.04,191.0,15.227,23.467,154.773,12.63,11.821,9.307,235.627,24.84,16.347,238.753,33.197,12.949,36.267,310.44,6.08,37.24,301.057,5.377,7.608,2.56,310.8,-27.013,13.407,285.37,-15.887,15.725,5.147,142.013,9.747,6.723,122.683,8.193,13.218,9.013,-175.533,-11.293,14.58,-144.6,-7.653,5.48,0.2,-187.12,-20.8,10.367,-223.113,-13.913,11.772,15.32,-235.373,3.44,10.467,-221.373,3.993,8.212,1.133,-174.56,-4.92,-0.627,-164.903,1.683,3.753,8.08,-71.387,4.267,5.54,-73.813,5.433,1.416,-19.867,-23.227,8.653,-14.427,-26.633,7.523,0.68,-14.147,-16.493,7.0,-12.787,-17.13,5.913,1.482,-6.787,12.52,11.453,-5.51,7.1,7.87,1.823,14.893,5.52,-3.973,13.683,7.103,-2.4,3.265,5.893,13.507,16.16,9.313,12.957,15.03,2.417,8.173,1.427,18.253,7.83,3.513,14.28,24.641,0.493,29.213,-92.04,-2.973,22.843,-55.587,B체cksprung,generated_Mean_B체cksprung
92.203,17.093,-115.053,596.307,18.103,-123.397,-60.47,63.56,-9.36,-185.667,-17.92,-7.537,-158.12,-16.927,16.855,12.627,-58.88,58.133,9.183,-47.19,48.883,3.996,30.067,165.227,-36.04,25.11,161.857,-0.977,8.695,-3.267,253.173,-47.653,-1.293,238.223,-14.08,8.164,-22.387,216.573,64.413,-19.743,214.63,37.017,7.166,3.36,125.093,-36.52,2.493,119.407,-24.017,15.551,-5.693,-42.253,-7.28,2.037,-39.113,-8.8,5.485,8.427,-142.547,-8.347,9.153,-139.483,-7.773,6.994,8.267,-131.133,21.44,10.37,-140.59,13.19,8.582,4.52,-172.173,23.133,8.653,-161.253,22.21,3.803,-1.8,-106.067,15.12,-2.9,-95.97,16.203,1.315,1.373,-24.2,12.627,2.48,-27.957,10.853,1.635,5.12,0.32,14.24,4.833,-2.703,15.113,1.776,8.307,11.573,40.973,5.79,9.287,34.513,1.345,-15.92,11.387,26.2,-15.033,9.723,21.657,1.622,-17.24,10.893,-27.227,-13.1,9.507,-16.283,2.665,-15.12,14.893,-22.613,-9.933,6.29,-14.587,2.342,4.093,-23.08,8.467,2.473,-16.31,-6.207,25.39,-30.293,11.453,-107.627,-14.09,8.877,-69.047,Hocksprung,generated_Mean_Hocksprung
93.872,16.658,159.774,-84.075,31.565,171.967,-4.826,53.443,31.568,211.28,33.967,31.684,201.455,34.391,9.538,70.369,139.853,72.644,67.952,142.055,74.989,6.419,77.535,97.554,150.499,83.325,100.16,151.778,6.326,110.886,69.016,239.012,111.949,68.811,237.761,7.586,146.579,26.568,296.353,146.593,26.591,295.591,9.39,191.241,-5.088,325.732,188.521,-6.417,325.444,9.617,203.04,-68.717,333.012,203.151,-64.789,338.493,11.248,188.876,-142.372,367.363,183.848,-141.005,367.449,12.891,100.169,-190.449,400.888,100.157,-184.639,400.662,13.822,9.187,-153.486,428.31,12.943,-145.994,428.079,14.432,-40.215,-14.09,427.95,-37.193,-18.693,422.106,12.463,-55.547,85.725,345.002,-54.343,85.012,344.34,10.441,-42.968,137.75,245.817,-42.536,135.816,249.152,9.534,-21.152,164.188,172.122,-21.274,164.571,175.539,9.23,4.469,199.859,114.357,2.95,198.606,117.386,9.396,16.08,223.126,77.545,15.276,224.113,78.173,9.303,24.161,275.295,52.066,24.945,274.016,51.802,6.756,48.876,321.563,11.701,47.567,326.407,10.641,30.782,69.449,362.952,-38.47,63.455,347.521,-38.941,Schraubensalto A,generated_Mean_Schraubensalto A
95.413,13.568,66.893,-22.049,10.842,77.414,-9.75,76.968,-2.366,-229.863,58.551,-7.965,-235.761,57.041,24.941,-44.178,-485.808,19.95,-50.237,-509.947,47.376,31.226,-57.348,-612.62,38.008,-58.706,-664.585,37.871,40.01,-51.435,-720.467,18.343,-50.932,-712.78,19.429,40.382,-24.505,-645.683,25.138,-25.14,-647.53,23.189,39.994,-7.763,-598.783,37.946,-9.818,-595.738,39.634,32.951,-15.461,-504.176,61.294,-16.107,-503.592,63.559,27.064,-21.576,-339.078,105.493,-23.544,-344.588,106.171,23.606,-55.296,-251.946,165.122,-53.899,-252.086,160.773,20.703,-98.061,-215.986,189.483,-97.163,-211.316,190.816,21.333,-124.079,-96.268,232.359,-120.515,-99.365,231.59,21.599,-96.194,26.666,276.824,-95.73,28.139,269.246,19.596,-64.815,139.23,264.026,-66.86,138.715,260.048,16.73,-55.129,213.065,213.825,-54.054,211.108,211.551,15.092,-28.053,216.259,150.652,-27.843,215.99,149.572,15.755,-6.141,204.451,85.467,-6.04,208.23,87.03,16.975,8.71,255.593,56.208,9.139,258.443,58.924,15.505,34.413,348.387,41.148,34.132,345.861,37.901,23.576,57.117,436.144,-42.483,49.889,409.395,-27.729,Fliffis B,generated_Mean_Fliffis B
90.813,-14.834,-62.208,-29.9,-14.555,-61.045,-27.42,62.079,21.462,-214.318,-35.836,20.748,-218.604,-30.075,20.155,56.448,-454.77,21.884,51.637,-445.417,14.239,21.086,50.91,-540.994,54.8,47.445,-524.674,54.137,16.438,12.334,-423.814,78.314,14.156,-432.34,73.823,7.082,-19.592,-336.164,41.778,-16.213,-326.134,46.28,5.712,-15.074,-141.506,49.058,-13.615,-147.253,58.964,10.497,14.516,-60.386,171.684,17.266,-65.68,179.948,14.015,78.1,-47.226,371.77,71.087,-47.726,362.944,11.237,53.704,3.554,447.766,50.201,5.164,438.666,10.356,-3.428,72.98,381.29,-0.652,71.198,380.807,9.664,-9.13,112.154,313.324,-7.787,110.478,308.697,8.98,-0.004,140.242,204.784,-0.417,139.876,207.085,7.849,-2.15,159.388,103.806,-1.325,160.377,108.84,7.049,0.61,189.282,54.396,0.98,191.07,57.813,6.689,4.102,222.624,35.072,1.236,222.425,36.27,6.85,3.74,230.714,31.93,2.542,230.456,27.512,6.832,13.584,233.128,10.26,11.114,236.172,11.364,7.609,24.69,265.22,-7.666,21.277,266.84,-10.155,35.942,-1.264,244.494,-41.546,-0.025,228.678,-42.885,Barani B,generated_Mean_Barani B
101.917,15.356,25.691,-14.63,16.964,31.7,-7.011,69.7,2.16,-268.288,17.086,-2.565,-280.479,23.834,29.367,-28.056,-629.064,28.37,-23.433,-603.289,48.325,37.223,-46.829,-724.932,56.147,-45.796,-723.736,53.806,44.684,-70.899,-777.56,53.017,-69.506,-770.679,47.481,47.119,-70.378,-696.811,38.234,-72.056,-706.543,40.666,38.156,-84.661,-638.195,34.638,-86.147,-624.979,29.764,25.838,-116.062,-401.233,-61.142,-118.608,-405.026,-61.323,29.664,-176.514,-226.342,-156.99,-160.871,-222.882,-144.55,35.801,-55.617,-9.499,-13.782,-60.574,-28.564,-18.273,35.128,0.722,11.736,150.938,-2.537,15.255,149.522,31.627,44.419,-95.864,234.461,42.201,-102.625,220.558,31.8,95.321,-358.145,129.242,91.712,-344.116,138.989,34.684,88.261,-307.667,115.456,84.532,-291.085,118.622,28.68,30.984,21.625,123.321,38.435,11.577,119.271,19.71,35.313,202.861,65.15,34.545,190.339,67.675,17.884,24.636,223.035,50.851,24.389,228.615,46.422,19.303,21.035,286.207,29.836,22.316,288.051,26.915,18.319,40.152,395.394,43.549,43.972,396.273,31.119,29.488,86.218,525.028,-54.605,78.06,490.511,-40.412,Fliffis- Rudi B,generated_Mean_Fliffis- Rudi B
113.301,-11.347,208.6,-67.36,-9.263,225.582,-81.378,31.371,-60.787,391.693,-200.48,-70.665,375.858,-201.313,3.834,-213.72,147.36,-267.987,-211.512,162.202,-287.743,19.176,-330.707,13.6,-372.347,-337.57,-5.275,-344.68,31.15,-575.627,-324.147,-93.52,-560.48,-318.468,-87.505,54.773,-583.32,-504.12,257.227,-577.213,-509.827,215.727,65.953,-534.28,-639.307,192.307,-530.37,-636.837,191.565,73.206,-456.64,-736.613,167.467,-458.43,-739.057,163.892,74.632,-412.787,-791.867,115.147,-411.68,-788.223,115.903,76.848,-353.107,-823.2,72.08,-352.51,-823.163,70.432,78.25,-298.773,-861.173,7.933,-296.87,-862.59,7.252,78.444,-203.573,-899.707,-94.173,-199.485,-891.13,-94.98,58.675,-9.547,-677.107,-218.28,-12.3,-658.617,-223.2,28.302,132.6,-239.24,-381.04,121.393,-256.278,-375.313,27.991,145.707,-87.987,-457.507,149.517,-95.038,-455.08,18.999,151.933,16.147,-369.947,147.087,19.33,-384.405,17.477,68.72,100.093,-364.28,67.33,104.162,-357.27,14.468,13.653,188.2,-181.693,14.448,194.153,-185.575,14.865,-14.8,338.32,-114.987,-15.86,334.918,-106.843,34.582,-1.44,330.013,-31.92,-5.753,310.71,-40.873,Halb ein Triffis C,generated_Mean_Halb ein Triffis C
110.579,7.4,33.608,-31.824,5.072,40.126,-22.27,62.191,-46.504,-189.656,-19.64,-52.708,-213.842,-12.888,27.399,-38.92,-503.032,-55.376,-55.046,-542.96,-45.37,45.489,-97.68,-730.992,68.904,-93.006,-725.582,64.984,62.768,-137.712,-785.432,76.672,-130.066,-783.056,68.326,72.304,-141.912,-820.984,49.768,-140.68,-819.94,57.868,75.39,-139.912,-854.072,74.856,-141.462,-849.652,72.684,77.173,-147.176,-863.368,76.84,-147.356,-863.846,76.286,77.714,-158.6,-862.832,74.128,-158.786,-862.092,77.012,78.047,-163.216,-872.224,53.112,-162.936,-871.398,52.144,78.432,-153.928,-876.96,9.784,-152.062,-879.354,7.354,77.451,-110.2,-884.44,-65.0,-101.022,-870.258,-74.976,55.87,53.2,-632.136,-231.336,49.318,-631.57,-232.988,33.492,146.728,-282.816,-382.728,135.952,-296.608,-387.908,30.084,77.848,-121.88,-476.208,77.28,-120.358,-456.28,21.641,125.816,47.2,-400.088,115.732,48.38,-388.222,18.824,116.688,170.328,-320.048,112.46,158.016,-312.892,20.868,44.328,230.84,-159.584,51.898,223.87,-171.118,21.453,30.912,304.92,-59.528,33.818,304.56,-53.212,25.863,91.4,418.96,-27.4,90.458,401.932,-33.732,Triffis C,generated_Mean_Triffis C
108.591,-3.92,96.007,-31.64,0.772,100.457,-37.507,70.551,5.927,-186.833,-54.46,11.445,-207.702,-52.842,23.999,68.64,-519.973,-67.447,78.335,-534.808,-45.413,22.924,46.627,-479.667,-130.547,27.443,-486.937,-182.192,29.222,-285.913,-283.8,-674.78,-280.778,-267.998,-654.198,34.002,-492.3,203.713,-889.493,-479.923,175.327,-868.198,31.517,-745.327,191.6,-628.153,-721.473,155.008,-628.935,48.224,-650.56,-374.953,-304.313,-646.662,-362.468,-303.595,45.851,-374.007,-670.333,-224.273,-394.098,-625.887,-202.18,27.692,-353.433,-347.373,-381.213,-367.657,-347.325,-374.145,44.614,-497.68,-107.553,-722.753,-496.042,-98.872,-702.967,47.925,-593.927,87.107,-696.087,-601.41,59.273,-695.143,37.045,-657.553,-194.207,-566.98,-643.053,-192.668,-580.528,35.742,-309.227,-320.013,-664.92,-311.632,-304.457,-658.195,32.434,-6.773,-107.673,-703.987,-18.19,-98.158,-689.005,22.568,30.113,177.62,-487.433,26.323,170.947,-484.275,19.509,-36.38,258.987,-268.053,-32.527,246.367,-259.537,23.337,-56.187,269.907,-67.953,-56.777,284.282,-70.268,23.658,-60.48,396.06,0.56,-45.96,404.232,5.852,21.683,27.607,556.633,21.58,28.445,510.375,32.6,Voll- ein- Rudi- aus B,generated_Mean_Voll- ein- Rudi- aus B
106.494,-14.277,193.007,-60.587,-8.474,235.888,-73.267,44.925,-17.43,425.79,-73.42,-23.186,402.155,-116.109,13.397,-250.177,265.123,-235.707,-236.211,275.002,-249.378,14.434,-390.4,107.063,-363.143,-392.439,110.967,-373.362,29.252,-470.183,-119.557,-662.81,-461.564,-120.365,-655.602,41.34,-365.117,-314.923,-894.36,-364.488,-270.948,-902.883,50.35,-251.513,205.18,-1076.543,-275.463,195.489,-1033.818,32.644,-580.563,436.217,-666.947,-574.225,396.841,-678.734,33.774,-792.737,-64.437,-456.493,-769.308,-61.973,-454.878,49.893,-509.793,-533.93,-256.273,-515.142,-519.188,-265.031,47.187,-297.647,-679.997,-164.133,-301.924,-671.455,-173.208,37.799,-208.57,-541.513,-267.833,-204.575,-533.042,-275.862,32.682,-112.717,-205.17,-499.15,-108.508,-214.802,-486.929,26.539,-1.45,40.443,-515.113,-5.008,32.892,-509.692,21.345,37.89,152.233,-393.02,36.992,148.082,-394.082,18.556,57.283,192.14,-290.523,56.019,191.047,-290.132,18.016,13.913,185.55,-198.257,13.366,193.261,-196.56,20.652,-38.087,216.407,-44.13,-32.622,224.66,-54.489,21.233,-33.037,321.51,10.947,-26.279,324.007,13.763,24.419,28.253,396.51,91.55,27.649,385.869,68.851,Voll- ein- voll- aus B,generated_Mean_Voll- ein- voll- aus B
99.141,10.737,118.274,-18.714,6.406,127.029,-14.58,73.042,-83.869,-139.189,-81.577,-67.033,-158.413,-59.723,25.442,16.571,-533.223,18.074,17.616,-508.83,-8.05,23.375,51.88,-538.131,-120.691,42.183,-536.956,-132.151,23.638,-122.811,-288.554,-444.286,-118.701,-312.079,-455.294,33.862,-387.24,-141.743,-800.309,-367.764,-121.921,-796.363,33.389,-442.686,234.691,-839.451,-475.744,196.824,-815.329,30.786,-779.526,-17.583,-458.309,-748.151,-29.299,-462.049,45.401,-601.56,-467.394,-186.674,-600.191,-456.233,-187.461,51.931,-387.817,-697.783,-19.509,-399.1,-686.863,-24.61,50.923,-316.794,-746.726,-61.217,-317.55,-737.51,-60.871,42.948,-226.063,-658.149,-161.051,-222.656,-640.59,-169.599,23.596,-97.989,-322.914,-330.583,-98.017,-339.217,-343.583,25.511,-42.023,-131.469,-572.154,-47.673,-130.844,-549.583,23.525,-54.526,22.926,-516.006,-47.06,24.203,-496.71,16.682,48.874,109.023,-353.789,39.013,116.39,-357.399,17.661,23.377,148.977,-259.537,21.274,157.286,-256.969,21.255,-9.674,224.44,-107.857,-7.49,224.917,-105.567,22.475,-4.114,357.96,-23.034,6.993,363.486,-17.816,24.214,56.771,520.32,-34.72,58.147,492.009,-28.896,Voll- ein- halb- aus B,generated_Mean_Voll- ein- halb- aus B
96.242,-32.907,185.307,-134.92,-19.72,257.073,-94.51,48.773,-25.307,524.4,-92.693,-33.603,496.973,-126.437,13.877,-230.147,364.12,-219.2,-222.17,393.993,-244.657,15.502,-333.84,179.413,-323.88,-337.417,185.94,-340.843,24.518,-423.867,-33.893,-583.267,-416.753,-38.6,-582.073,35.44,-352.707,-245.893,-837.2,-328.923,-259.09,-819.313,50.901,101.053,-152.867,-955.133,69.513,-142.403,-939.743,57.724,175.44,269.373,-775.613,146.233,266.853,-755.447,45.51,-213.0,504.667,-509.347,-206.543,482.34,-528.583,29.547,-559.08,308.053,-391.293,-548.663,301.447,-400.153,23.247,-678.88,-99.587,-350.24,-662.073,-93.123,-356.793,35.907,-495.293,-422.013,-411.36,-486.113,-399.207,-421.517,45.668,-170.28,-393.093,-621.6,-172.89,-372.497,-621.5,50.31,98.573,-11.64,-831.187,85.037,-17.12,-796.813,37.55,151.467,288.653,-573.72,140.597,270.897,-584.14,26.745,27.52,307.547,-320.293,31.207,294.143,-327.983,25.92,-47.693,241.547,-111.56,-42.747,261.55,-115.517,26.182,-76.413,331.16,-21.693,-68.717,335.53,-25.07,16.637,-61.507,417.493,39.453,-55.597,417.52,39.39,33.245,34.387,431.987,62.413,24.237,407.083,72.837,Voll- ein- voll- aus A,generated_Mean_Voll- ein- voll- aus A
98.434,31.253,129.08,-156.853,32.377,217.277,-138.05,42.425,-60.467,452.12,-220.12,-60.09,422.22,-238.867,14.329,-218.84,275.76,-324.507,-223.35,298.923,-305.377,16.091,-334.053,141.507,-362.28,-338.447,133.147,-363.247,26.348,-416.853,-110.44,-623.787,-413.063,-117.667,-615.067,41.843,-399.267,-369.027,-823.827,-381.627,-340.37,-834.687,51.812,-87.44,-118.587,-1017.027,-122.163,-111.67,-993.963,44.474,-198.733,331.52,-764.107,-205.183,295.85,-755.997,31.223,-537.413,372.293,-354.28,-525.383,353.527,-371.667,25.538,-721.547,72.8,-162.587,-702.633,72.553,-162.76,38.091,-637.32,-298.56,-17.947,-633.613,-285.143,-27.893,44.395,-494.613,-503.88,-45.347,-489.77,-492.86,-58.287,44.049,-300.013,-563.107,-339.373,-302.84,-539.57,-329.51,39.348,-110.893,-312.48,-607.827,-115.157,-307.923,-603.62,34.827,-13.653,14.293,-722.467,-24.343,-1.22,-698.833,25.185,-61.293,205.187,-502.573,-60.117,177.383,-493.773,22.163,-55.12,199.8,-191.88,-52.833,208.02,-202.493,22.347,-13.24,356.773,-97.187,-21.007,302.927,-114.113,23.292,-29.227,445.427,-64.48,-30.673,461.727,-41.597,38.52,5.84,383.013,-6.667,6.77,354.317,-6.343,Voll- ein- voll- aus C,generated_Mean_Voll- ein- voll- aus C
96.168,-13.533,-19.44,-54.733,-0.793,-19.05,-58.967,65.586,63.667,-178.627,65.56,55.417,-187.387,62.892,5.81,-22.187,-260.853,92.627,-20.742,-263.535,90.357,13.097,-85.48,-161.0,103.133,-90.983,-173.698,99.493,14.975,-149.253,-264.733,134.533,-148.418,-257.062,146.535,19.326,-217.24,-269.947,336.04,-212.943,-258.827,327.335,21.468,-229.613,-104.053,403.253,-219.665,-112.302,412.12,25.086,-16.373,65.32,582.52,-16.623,58.275,578.325,20.998,297.2,205.653,585.627,296.718,182.275,576.137,18.486,559.333,-8.36,335.347,547.46,-17.81,337.825,30.604,563.92,-381.733,71.267,557.275,-373.8,77.567,39.704,433.013,-548.04,-77.08,433.122,-540.598,-66.9,35.445,310.747,-517.4,-44.547,308.235,-510.383,-44.972,27.297,201.44,-425.88,12.987,199.998,-425.39,10.267,20.302,111.613,-365.733,48.493,113.043,-363.86,46.823,15.222,49.72,-321.653,48.0,51.207,-323.065,49.302,13.075,17.027,-225.293,46.053,16.922,-242.285,43.662,9.594,3.44,-206.707,27.987,4.353,-216.148,30.407,20.075,14.493,-105.44,24.467,10.655,-192.398,20.277,46.3,-13.0,-122.44,-35.667,-1.633,-129.898,-24.333,Voll- ein 1 3/4 Salto vw C,generated_Mean_Voll- ein 1 3/4 Salto vw C
94.786,-14.944,-15.024,-45.888,-7.702,-6.106,-51.47,69.463,39.312,-156.32,10.896,33.082,-171.326,11.672,9.208,1.792,-379.616,26.352,-0.066,-375.704,29.546,19.213,-1.936,-459.52,-26.048,-1.24,-455.86,-19.462,33.52,22.432,-621.68,-9.792,22.54,-617.974,-9.29,45.875,29.344,-670.784,45.36,31.078,-666.826,14.208,50.218,34.464,-721.424,21.872,34.644,-711.908,22.414,39.831,13.136,-654.336,56.368,13.338,-631.51,52.396,19.223,-11.2,-201.072,-15.792,-11.104,-212.522,-8.864,13.152,-13.84,-21.904,-25.696,-14.896,-31.67,-25.792,8.453,0.416,-17.184,-27.936,-7.04,-37.644,-25.746,3.905,4.32,-269.616,-4.96,3.294,-241.65,-7.178,3.424,2.816,-300.976,14.704,3.388,-289.312,12.18,4.454,-1.664,-318.624,0.208,0.128,-316.426,-0.514,7.584,13.76,-370.944,-16.992,12.31,-368.856,-13.222,11.031,14.032,-388.8,-0.064,13.528,-387.89,0.12,11.316,-0.032,-361.792,17.296,0.26,-362.64,13.808,8.533,2.752,-346.432,16.592,1.794,-349.428,11.848,21.089,-0.24,-71.504,92.656,-11.616,-310.594,-10.746,43.254,34.224,-191.488,-5.584,14.628,-178.45,-10.28,1 3/4 Salto vw C,generated_Mean_1 3/4 Salto vw C
119.513,-3.728,85.28,-17.792,-8.292,66.414,-19.34,58.768,-86.288,-373.424,-8.32,-90.198,-363.222,4.746,38.297,-77.36,-689.296,-2.592,-89.57,-701.552,8.156,54.968,-130.976,-829.424,68.928,-135.418,-829.368,76.446,53.662,-147.872,-748.64,71.728,-160.232,-750.462,88.18,56.635,-232.656,-690.768,75.936,-229.68,-685.52,84.886,55.476,-282.48,-735.936,70.144,-283.272,-735.936,63.212,55.164,-317.392,-754.368,33.44,-318.336,-755.536,35.712,55.473,-339.424,-763.12,15.968,-338.114,-762.022,13.83,55.295,-345.824,-763.056,-25.008,-344.076,-765.792,-24.79,55.163,-317.536,-793.424,-83.856,-313.956,-793.236,-81.728,45.649,-224.656,-820.096,-134.144,-206.19,-770.864,-136.788,21.241,22.08,-348.496,-130.192,8.046,-368.232,-148.674,28.883,4.416,-266.576,-375.136,6.564,-258.622,-357.048,27.195,41.664,-135.456,-507.808,31.574,-124.01,-495.026,21.895,121.344,48.064,-437.392,118.672,46.04,-432.528,17.989,94.064,149.264,-288.48,100.398,137.42,-295.138,21.324,43.584,208.72,-204.192,51.808,214.09,-188.512,22.179,47.024,336.88,-51.824,51.644,330.584,-47.582,24.558,123.696,451.504,-66.176,116.658,417.104,-63.898,Triffis B,generated_Mean_Triffis B
83.24,11.899,76.285,10.834,10.969,80.867,10.364,55.797,2.718,48.086,-0.746,1.204,43.327,0.711,9.206,-7.774,-28.258,-8.852,-7.716,-26.753,-7.826,2.704,-8.132,-33.863,3.749,-7.617,-31.552,2.931,0.832,-1.506,-23.44,4.186,-2.237,-24.005,2.969,0.692,-3.485,-41.254,-4.784,-3.587,-41.607,-4.523,0.759,-2.819,-60.623,-7.675,-2.945,-60.383,-7.496,0.776,-3.561,-74.605,-4.941,-3.385,-74.381,-5.568,0.846,-3.231,-84.576,-6.236,-3.252,-84.728,-6.616,1.04,-2.586,-94.45,-7.264,-2.468,-94.243,-8.07,1.212,0.51,-98.335,-13.135,1.001,-96.526,-12.219,1.426,5.637,-87.971,-8.846,5.732,-87.356,-8.902,1.448,6.974,-70.974,-0.392,7.196,-71.443,-1.496,1.475,6.486,-53.097,2.948,6.315,-54.454,3.397,1.513,6.688,-42.53,9.867,6.889,-42.473,9.44,1.512,8.056,-35.326,6.4,7.549,-32.431,6.21,2.058,0.195,-9.642,1.931,-0.343,-6.085,1.843,2.389,-7.175,49.415,-5.629,-7.352,52.346,-5.018,4.122,-22.401,179.638,-1.463,-19.948,170.352,-3.344,49.151,-3.111,87.867,-29.782,-6.93,83.878,-33.549,Bauchsprung,generated_Mean_Bauchsprung
101.239,-15.984,0.283,-16.156,-11.041,14.752,-16.518,61.642,7.148,-43.63,18.757,4.141,-40.545,14.762,11.772,-5.029,-118.208,4.342,-2.787,-94.521,4.282,5.098,8.558,-5.288,6.227,7.065,-12.053,-4.305,2.154,5.409,5.538,2.386,5.907,8.197,4.012,1.31,2.32,16.625,9.323,2.75,16.348,7.948,0.98,0.937,15.455,6.201,1.03,15.313,6.24,0.92,4.976,8.697,0.056,4.486,8.283,1.643,0.893,6.089,-0.359,4.57,5.902,0.41,4.672,0.964,3.682,-6.11,3.344,3.44,-5.279,3.442,1.012,3.29,-6.634,3.385,2.72,-5.797,3.453,1.126,0.503,4.663,1.722,0.69,4.529,2.087,1.039,0.838,16.655,-0.524,0.553,17.066,-0.394,1.136,1.903,30.463,-5.49,1.766,29.915,-5.244,1.157,3.96,38.333,-5.55,3.623,38.534,-5.631,1.368,0.401,44.494,-1.377,0.695,43.42,-1.114,1.946,0.077,36.51,7.071,-0.587,35.502,6.697,3.474,-11.405,12.741,20.35,-10.907,19.598,19.89,7.891,-8.806,42.238,9.709,-9.484,56.793,12.893,35.134,12.719,227.754,2.579,11.664,205.747,3.826,Von Bauch in Stand,generated_Mean_Von Bauch in Stand
96.278,-2.813,135.664,50.844,1.558,147.196,51.455,53.434,52.762,266.749,106.165,51.788,259.23,104.115,5.842,77.976,251.467,161.988,81.101,238.163,150.884,3.83,86.318,98.536,127.602,90.207,105.14,127.858,4.436,115.921,91.247,190.768,120.079,94.812,188.906,6.391,212.173,85.128,274.92,211.78,79.534,277.405,10.46,292.372,-38.784,402.832,285.346,-37.981,398.713,12.75,234.239,-164.755,457.439,230.407,-159.645,457.278,14.796,91.556,-194.44,488.214,91.988,-189.775,486.219,15.495,-42.472,-128.572,478.054,-38.474,-125.581,476.018,14.525,-99.001,-7.36,426.653,-96.13,-7.912,424.169,11.787,-100.27,104.177,332.958,-98.989,101.038,333.298,8.696,-82.574,166.74,240.927,-82.466,164.24,243.517,7.301,-63.222,177.389,182.246,-62.764,176.014,184.329,6.726,-32.975,163.993,145.46,-33.867,163.528,144.864,6.609,-15.021,150.02,97.238,-14.973,150.301,98.693,6.586,3.722,146.749,61.699,3.539,147.063,62.912,7.179,25.584,154.505,41.886,24.692,156.51,41.891,5.198,36.657,184.702,23.836,35.507,186.458,24.105,27.796,29.219,269.782,13.473,27.123,243.006,11.889,Schraubensalto C,generated_Mean_Schraubensalto C
