DJump_SIG_I_x LapEnd,DJump_SIG_I_y LapEnd,DJump_SIG_I_z LapEnd,DJump_I_ABS_x LapEnd,DJump_I_ABS_y LapEnd,DJump_I_ABS_z LapEnd,DJump_ABS_I_x LapEnd,DJump_ABS_I_y LapEnd,DJump_ABS_I_z LapEnd,DJump_SIG_I_S1_x LapEnd,DJump_SIG_I_S1_y LapEnd,DJump_SIG_I_S1_z LapEnd,DJump_SIG_I_S2_x LapEnd,DJump_SIG_I_S2_y LapEnd,DJump_SIG_I_S2_z LapEnd,DJump_SIG_I_S3_x LapEnd,DJump_SIG_I_S3_y LapEnd,DJump_SIG_I_S3_z LapEnd,DJump_SIG_I_S4_x LapEnd,DJump_SIG_I_S4_y LapEnd,DJump_SIG_I_S4_z LapEnd,DJump_I_ABS_S1_x LapEnd,DJump_I_ABS_S1_y LapEnd,DJump_I_ABS_S1_z LapEnd,DJump_I_ABS_S2_x LapEnd,DJump_I_ABS_S2_y LapEnd,DJump_I_ABS_S2_z LapEnd,DJump_I_ABS_S3_x LapEnd,DJump_I_ABS_S3_y LapEnd,DJump_I_ABS_S3_z LapEnd,DJump_I_ABS_S4_x LapEnd,DJump_I_ABS_S4_y LapEnd,DJump_I_ABS_S4_z LapEnd,DJump_ABS_I_S1_x LapEnd,DJump_ABS_I_S1_y LapEnd,DJump_ABS_I_S1_z LapEnd,DJump_ABS_I_S2_x LapEnd,DJump_ABS_I_S2_y LapEnd,DJump_ABS_I_S2_z LapEnd,DJump_ABS_I_S3_x LapEnd,DJump_ABS_I_S3_y LapEnd,DJump_ABS_I_S3_z LapEnd,DJump_ABS_I_S4_x LapEnd,DJump_ABS_I_S4_y LapEnd,DJump_ABS_I_S4_z LapEnd,0_mean_Acc_N_Fil,0_std_Acc_N_Fil,0_mean_Gyro_x_R,0_std_Gyro_x_R,0_mean_Gyro_y_R,0_std_Gyro_y_R,0_mean_Gyro_z_R,0_std_Gyro_z_R,0_mean_Gyro_x_Fil,0_std_Gyro_x_Fil,0_mean_Gyro_y_Fil,0_std_Gyro_y_Fil,0_mean_Gyro_z_Fil,0_std_Gyro_z_Fil,10_mean_Acc_N_Fil,10_std_Acc_N_Fil,10_mean_Gyro_x_R,10_std_Gyro_x_R,10_mean_Gyro_y_R,10_std_Gyro_y_R,10_mean_Gyro_z_R,10_std_Gyro_z_R,10_mean_Gyro_x_Fil,10_std_Gyro_x_Fil,10_mean_Gyro_y_Fil,10_std_Gyro_y_Fil,10_mean_Gyro_z_Fil,10_std_Gyro_z_Fil,20_mean_Acc_N_Fil,20_std_Acc_N_Fil,20_mean_Gyro_x_R,20_std_Gyro_x_R,20_mean_Gyro_y_R,20_std_Gyro_y_R,20_mean_Gyro_z_R,20_std_Gyro_z_R,20_mean_Gyro_x_Fil,20_std_Gyro_x_Fil,20_mean_Gyro_y_Fil,20_std_Gyro_y_Fil,20_mean_Gyro_z_Fil,20_std_Gyro_z_Fil,30_mean_Acc_N_Fil,30_std_Acc_N_Fil,30_mean_Gyro_x_R,30_std_Gyro_x_R,30_mean_Gyro_y_R,30_std_Gyro_y_R,30_mean_Gyro_z_R,30_std_Gyro_z_R,30_mean_Gyro_x_Fil,30_std_Gyro_x_Fil,30_mean_Gyro_y_Fil,30_std_Gyro_y_Fil,30_mean_Gyro_z_Fil,30_std_Gyro_z_Fil,40_mean_Acc_N_Fil,40_std_Acc_N_Fil,40_mean_Gyro_x_R,40_std_Gyro_x_R,40_mean_Gyro_y_R,40_std_Gyro_y_R,40_mean_Gyro_z_R,40_std_Gyro_z_R,40_mean_Gyro_x_Fil,40_std_Gyro_x_Fil,40_mean_Gyro_y_Fil,40_std_Gyro_y_Fil,40_mean_Gyro_z_Fil,40_std_Gyro_z_Fil,50_mean_Acc_N_Fil,50_std_Acc_N_Fil,50_mean_Gyro_x_R,50_std_Gyro_x_R,50_mean_Gyro_y_R,50_std_Gyro_y_R,50_mean_Gyro_z_R,50_std_Gyro_z_R,50_mean_Gyro_x_Fil,50_std_Gyro_x_Fil,50_mean_Gyro_y_Fil,50_std_Gyro_y_Fil,50_mean_Gyro_z_Fil,50_std_Gyro_z_Fil,60_mean_Acc_N_Fil,60_std_Acc_N_Fil,60_mean_Gyro_x_R,60_std_Gyro_x_R,60_mean_Gyro_y_R,60_std_Gyro_y_R,60_mean_Gyro_z_R,60_std_Gyro_z_R,60_mean_Gyro_x_Fil,60_std_Gyro_x_Fil,60_mean_Gyro_y_Fil,60_std_Gyro_y_Fil,60_mean_Gyro_z_Fil,60_std_Gyro_z_Fil,70_mean_Acc_N_Fil,70_std_Acc_N_Fil,70_mean_Gyro_x_R,70_std_Gyro_x_R,70_mean_Gyro_y_R,70_std_Gyro_y_R,70_mean_Gyro_z_R,70_std_Gyro_z_R,70_mean_Gyro_x_Fil,70_std_Gyro_x_Fil,70_mean_Gyro_y_Fil,70_std_Gyro_y_Fil,70_mean_Gyro_z_Fil,70_std_Gyro_z_Fil,80_mean_Acc_N_Fil,80_std_Acc_N_Fil,80_mean_Gyro_x_R,80_std_Gyro_x_R,80_mean_Gyro_y_R,80_std_Gyro_y_R,80_mean_Gyro_z_R,80_std_Gyro_z_R,80_mean_Gyro_x_Fil,80_std_Gyro_x_Fil,80_mean_Gyro_y_Fil,80_std_Gyro_y_Fil,80_mean_Gyro_z_Fil,80_std_Gyro_z_Fil,90_mean_Acc_N_Fil,90_std_Acc_N_Fil,90_mean_Gyro_x_R,90_std_Gyro_x_R,90_mean_Gyro_y_R,90_std_Gyro_y_R,90_mean_Gyro_z_R,90_std_Gyro_z_R,90_mean_Gyro_x_Fil,90_std_Gyro_x_Fil,90_mean_Gyro_y_Fil,90_std_Gyro_y_Fil,90_mean_Gyro_z_Fil,90_std_Gyro_z_Fil,Sprungtyp,SprungID
9.262,348.398,-7.961,15.604,355.9,16.286,34.546,380.652,42.063,-0.063,41.721,-1.661,4.681,182.346,-2.107,2.883,62.567,-2.203,1.761,61.765,-1.989,3.38,42.389,6.227,5.974,186.547,4.429,3.876,63.884,3.764,2.295,62.788,1.619,8.941,66.586,13.421,11.329,187.199,11.851,6.3,63.895,6.453,8.056,63.264,10.586,55.552,33.196,3.356,15.829,159.204,61.077,-0.066,26.598,3.854,10.878,153.768,48.283,-0.48,15.066,9.017,2.592,-0.747,17.928,-27.483,62.426,0.549,31.345,-0.732,11.674,-17.976,50.023,0.093,16.846,12.467,3.334,-2.713,15.135,316.567,181.178,-10.211,25.029,-2.634,10.862,312.355,165.2,-9.497,15.913,18.624,3.717,9.745,15.362,463.163,61.663,-0.476,20.478,9.648,10.778,459.486,57.387,-0.814,12.366,9.556,3.662,15.491,16.401,274.7,71.934,-6.578,23.047,15.161,10.758,276.226,62.016,-6.226,12.734,4.278,0.899,7.149,7.814,158.597,24.358,-4.109,10.269,7.342,5.628,159.659,22.153,-4.288,6.577,3.978,0.37,5.968,4.915,122.357,10.613,-3.198,6.179,5.949,3.683,122.545,9.385,-3.254,4.475,3.945,0.406,3.07,5.538,102.452,14.452,-5.284,7.617,2.983,4.326,102.578,13.213,-5.232,5.766,5.002,0.969,-3.17,8.664,95.862,19.586,0.805,15.647,-2.842,6.559,97.641,16.845,0.493,11.621,36.724,31.085,11.962,24.714,188.688,88.332,-6.22,37.76,11.0,15.157,183.224,63.899,-5.467,19.22,Salto C,generated_Mean_Salto C
-1.075,1.663,-0.057,5.18,13.13,11.04,21.22,82.201,35.815,-0.367,20.833,0.416,0.196,-12.838,0.003,-0.701,-14.34,0.258,-0.204,8.008,-0.734,3.193,22.332,5.795,0.593,-8.662,1.962,0.272,-1.47,1.331,0.107,-3.926,-0.028,7.655,27.299,12.32,4.439,16.229,8.965,4.053,16.988,6.89,6.086,26.541,9.62,55.616,28.734,-0.808,14.097,85.313,28.038,-2.679,24.52,-0.656,9.876,85.186,21.777,-2.858,16.235,3.008,2.064,-1.385,15.034,28.217,37.474,6.097,25.789,-1.363,10.426,29.118,25.202,5.802,16.238,1.319,0.447,0.35,9.206,-3.51,16.883,3.509,16.517,0.341,6.499,-3.486,13.138,3.505,11.536,1.018,0.273,1.542,5.849,-28.916,11.663,1.545,12.156,1.451,4.518,-28.671,9.611,1.579,9.302,0.986,0.24,-0.545,5.374,-38.129,9.684,-0.304,10.502,-0.495,4.077,-37.946,7.619,-0.189,8.179,0.978,0.213,-1.745,5.157,-35.844,7.648,2.486,9.265,-1.72,4.043,-35.797,5.938,2.387,7.272,0.995,0.207,-1.676,4.998,-30.668,8.002,1.549,8.683,-1.689,3.907,-30.685,6.269,1.589,6.721,1.011,0.215,-1.393,4.533,-26.155,8.625,1.087,8.257,-1.406,3.588,-26.119,6.91,1.105,6.224,2.13,1.321,-1.091,7.843,-16.456,18.245,4.023,12.596,-1.024,6.159,-15.141,15.148,3.6,8.601,42.03,28.865,0.736,17.397,76.564,62.642,-6.05,30.946,0.703,10.743,74.646,45.109,-5.642,16.05,Strecksprung,generated_Mean_Strecksprung
12.835,330.557,-17.81,21.87,347.418,27.047,40.814,396.915,51.559,0.595,9.369,-2.835,6.367,180.543,-4.83,3.463,75.588,-6.027,2.409,65.056,-4.118,2.503,12.842,6.238,8.859,184.531,5.867,4.7,79.995,7.174,4.531,67.15,4.367,9.632,60.148,16.154,14.445,191.252,14.86,8.515,79.995,10.69,9.499,68.418,13.256,57.282,30.737,5.775,20.027,153.356,66.65,-7.753,40.257,7.099,13.707,150.564,44.832,-8.7,20.253,8.139,3.852,0.911,20.226,-49.471,96.055,-5.021,35.377,0.706,12.921,-45.58,82.449,-5.071,18.593,9.984,3.873,-3.928,16.475,14.566,144.223,-4.165,33.981,-3.757,11.436,21.823,133.659,-4.416,20.855,18.322,4.397,9.536,18.89,454.544,93.538,-10.094,27.042,9.763,14.502,447.324,88.337,-10.039,17.552,21.675,5.044,27.067,16.477,466.701,67.427,-12.449,21.651,26.382,12.252,463.209,60.375,-12.567,14.266,9.021,3.772,12.226,14.539,243.838,68.307,-21.209,19.905,12.514,11.078,245.456,63.17,-20.602,13.098,4.48,0.702,4.614,7.114,125.291,22.164,-6.637,9.494,4.663,5.599,126.661,20.716,-7.058,6.938,4.796,0.395,3.425,6.364,104.238,12.239,-7.73,10.124,3.388,4.995,104.636,10.408,-7.549,7.598,5.117,0.909,0.506,9.673,122.373,23.858,0.355,17.216,0.732,7.454,124.227,21.222,-0.497,12.681,40.614,32.193,12.052,25.754,185.858,97.381,-17.789,48.848,11.008,14.678,180.629,69.211,-15.748,24.377,Salto B,generated_Mean_Salto B
5.844,245.005,-22.183,19.245,345.715,23.921,31.73,347.747,44.93,1.898,55.002,-5.055,2.296,71.158,-5.338,0.921,57.664,-4.836,0.729,61.181,-6.953,4.906,78.015,7.288,4.369,96.156,4.642,3.488,81.123,4.507,6.122,90.072,6.801,9.255,79.366,16.135,7.063,96.156,8.578,5.652,81.123,6.704,10.12,91.452,14.196,54.534,30.506,6.467,19.351,149.466,68.288,-7.1,45.267,7.25,11.309,148.428,44.194,-9.577,21.205,5.473,2.622,6.112,20.727,110.245,61.438,-12.361,40.813,5.623,12.365,110.384,43.102,-12.205,21.71,7.782,1.073,-3.465,11.382,115.877,41.372,-11.509,17.43,-3.064,7.164,116.513,34.664,-11.438,10.283,7.843,0.541,5.281,9.567,163.758,19.682,-10.451,12.9,5.165,6.799,162.933,15.836,-10.425,7.806,7.044,0.44,7.712,8.892,161.582,13.947,-12.393,9.658,7.621,6.696,161.38,11.054,-12.283,6.216,6.742,0.246,4.58,6.29,144.466,12.145,-9.792,6.927,4.549,4.842,144.382,10.673,-9.881,5.001,6.88,0.288,0.619,4.805,120.017,10.844,-10.249,6.662,0.662,3.75,120.228,9.356,-10.203,5.048,7.278,0.398,-1.204,5.455,111.573,13.992,-9.731,9.252,-1.239,4.148,111.956,12.271,-9.709,6.846,7.075,1.198,-2.894,9.414,128.336,22.957,-6.674,16.985,-2.817,7.219,129.606,20.421,-7.256,12.149,40.746,31.932,7.262,28.777,156.967,111.283,-25.91,78.421,6.575,14.182,155.255,71.927,-21.735,25.184,Salto A,generated_Mean_Salto A
-84.0,43.131,163.634,107.478,69.909,181.168,123.423,254.086,196.93,-10.437,-61.306,27.718,-46.711,-35.796,71.643,-26.558,45.839,62.167,-0.293,94.393,2.107,13.371,66.858,29.089,58.251,41.604,76.16,34.902,-51.238,68.84,-0.061,-8.099,3.713,17.966,69.87,34.968,58.946,46.125,76.163,36.129,52.693,69.56,11.396,106.181,19.604,59.38,29.913,-9.552,27.553,-140.945,115.383,41.915,48.693,-8.716,21.75,-139.881,99.672,40.19,30.535,7.924,2.481,-31.353,26.06,-178.188,102.529,79.429,61.335,-31.513,17.023,-176.771,73.627,79.87,28.225,7.607,0.68,-51.314,20.871,-102.013,27.885,99.858,19.974,-51.945,18.663,-103.446,22.142,100.202,14.992,9.433,0.954,-109.495,21.045,-121.742,25.227,149.204,31.783,-108.906,19.478,-119.689,21.106,150.105,28.474,10.232,0.405,-134.091,15.441,-32.224,40.679,227.927,23.023,-133.176,13.252,-31.821,38.171,226.188,19.629,9.575,0.562,-99.578,21.86,74.736,29.298,214.82,27.267,-99.14,20.877,73.542,27.85,213.673,24.557,8.559,0.363,-44.518,19.672,124.573,18.15,125.75,32.0,-45.05,19.003,124.458,16.306,125.898,30.666,8.51,0.492,-15.684,10.837,159.674,18.37,47.31,23.594,-16.079,9.214,159.976,16.006,48.076,21.585,7.967,1.161,-3.749,14.138,218.237,30.773,15.418,21.374,-3.814,11.049,219.533,28.391,14.999,15.722,40.178,30.459,8.101,32.367,258.326,104.396,-19.059,69.599,7.848,15.787,256.033,67.264,-16.212,27.774,Barani A,generated_Mean_Barani A
30.506,699.373,-27.635,33.548,700.468,32.073,56.445,702.525,62.287,3.903,71.457,-6.507,2.366,309.755,-5.131,20.261,224.484,-7.533,3.976,93.677,-8.465,4.912,71.457,6.783,7.582,309.755,6.843,16.703,224.484,8.296,3.566,93.677,8.529,10.15,74.88,17.787,14.175,309.755,13.937,22.86,224.484,17.127,10.045,94.502,15.057,51.656,26.655,20.172,18.366,255.884,68.84,-15.595,38.746,20.489,11.441,250.496,45.498,-17.297,22.585,13.086,4.955,1.362,21.632,62.081,70.978,-22.434,55.139,2.06,12.772,70.875,48.819,-21.755,27.212,29.495,6.525,-1.855,21.075,368.767,205.603,-11.619,41.715,-2.003,13.296,370.22,188.732,-10.863,19.48,47.581,2.608,-0.25,17.478,735.559,32.78,-9.295,28.208,-0.036,11.08,731.167,24.654,-10.052,14.977,52.975,1.736,17.36,16.593,791.689,30.527,-9.155,24.085,17.624,12.646,790.544,24.003,-8.988,14.367,45.187,6.205,51.469,26.87,744.343,80.322,-8.249,34.583,50.832,18.557,739.267,69.597,-8.499,17.333,21.422,6.65,53.618,23.543,447.457,111.892,-23.505,37.158,53.043,16.805,448.677,97.496,-23.278,17.77,10.451,1.548,20.964,13.21,206.847,42.729,-25.899,18.242,21.226,10.385,210.84,37.926,-25.928,11.162,10.264,1.192,7.932,12.121,203.117,33.691,-17.35,17.226,8.112,9.342,204.818,29.688,-17.508,11.626,35.36,28.599,8.49,23.852,254.477,87.272,-19.69,48.4,8.36,14.832,247.421,63.306,-17.4,25.77,Doppelsalto C,generated_Mean_Doppelsalto C
10.945,230.0,-17.947,17.928,315.327,19.74,29.957,317.105,46.138,1.871,42.141,0.922,2.991,54.19,-4.321,1.579,66.698,-5.666,4.504,66.971,-8.882,4.37,60.654,4.512,3.882,75.057,1.405,3.37,89.045,5.099,6.306,90.57,8.723,7.465,60.714,11.064,5.806,75.057,7.264,5.1,89.045,7.795,11.586,92.288,20.014,58.406,30.642,4.757,13.277,91.574,48.578,8.152,25.879,5.162,8.45,91.956,38.267,8.963,13.943,3.447,1.82,4.829,12.763,89.939,37.334,5.347,24.638,4.65,7.585,89.614,26.635,4.771,13.892,3.6,0.573,-0.742,8.429,56.706,18.998,-8.286,12.458,-0.567,6.212,58.072,14.414,-7.952,7.897,4.185,0.445,5.348,6.275,104.277,24.542,-4.911,11.21,5.309,4.196,103.884,21.493,-5.302,7.608,4.022,0.368,9.331,7.903,143.287,13.549,-5.235,10.158,9.289,5.365,142.478,10.629,-5.046,6.053,4.003,0.309,5.735,6.967,141.278,11.305,-7.497,9.249,5.763,5.086,141.361,9.376,-7.426,6.416,4.243,0.317,1.988,4.797,131.886,9.761,-9.556,8.571,2.008,3.482,131.936,6.734,-9.68,6.116,5.052,0.522,-0.99,6.038,132.83,14.242,-10.736,12.996,-1.131,4.35,133.34,9.285,-10.085,8.71,4.68,0.834,6.288,15.564,147.179,23.424,8.925,20.536,6.6,12.191,147.655,16.657,7.284,14.532,42.29,34.561,16.267,27.344,121.099,113.626,-45.038,74.496,15.738,15.592,115.107,91.895,-42.538,32.699,3/4 Salto rw A,generated_Mean_3/4 Salto rw A
-10.567,283.922,-6.899,28.176,391.127,12.414,52.304,475.079,65.24,-5.273,5.288,5.571,-0.141,157.287,-6.901,-3.995,56.5,-2.142,-1.158,64.847,-3.426,7.521,13.535,10.448,10.939,218.391,-1.733,5.951,75.295,1.476,3.766,83.905,2.223,16.029,88.53,22.953,18.222,226.311,19.606,7.172,75.295,7.081,10.881,84.942,15.598,67.594,38.886,-15.943,46.251,-74.171,78.717,32.673,62.472,-14.822,28.568,-74.499,50.467,28.846,36.012,15.592,3.338,-14.155,33.645,-53.169,187.754,8.701,60.778,-14.469,21.639,-37.432,126.524,11.695,29.771,25.59,6.107,0.78,21.283,382.514,150.791,-1.283,37.951,0.424,14.964,372.256,141.679,-2.152,21.528,29.69,4.395,6.694,22.188,421.141,86.188,-12.096,34.928,5.442,14.226,418.261,65.422,-11.453,19.878,14.897,4.529,-10.668,27.722,221.216,97.816,-22.73,60.74,-9.689,16.212,223.605,67.978,-22.294,22.846,7.288,1.746,-17.269,11.296,145.568,50.376,-6.608,22.363,-16.761,7.422,145.872,34.405,-7.17,10.718,5.978,0.367,-4.104,5.581,117.505,16.187,-0.648,7.732,-4.418,3.904,117.698,13.921,-0.798,6.015,6.936,0.71,-5.701,6.282,101.603,11.366,-0.764,11.284,-5.753,4.638,102.015,10.021,-0.625,7.989,6.748,1.716,-9.551,8.892,118.6,27.3,6.605,19.698,-9.505,6.644,120.321,23.716,5.082,13.896,35.078,28.357,4.25,35.249,193.986,101.898,-20.207,72.502,3.033,21.398,192.228,62.128,-17.428,29.034,Cody C,generated_Mean_Cody C
48.268,142.986,192.435,61.564,142.986,384.11,159.356,279.195,389.859,14.548,81.59,25.399,46.491,-26.748,61.196,-7.799,-7.526,87.119,-4.973,95.67,18.722,22.574,81.59,57.552,76.594,-26.748,133.357,-31.612,-5.003,155.503,-5.992,93.147,37.698,26.924,81.59,57.921,77.468,48.258,133.357,37.071,53.671,155.503,17.893,95.675,43.078,54.456,32.578,0.324,15.347,230.249,40.875,29.661,35.388,2.31,11.2,228.973,29.273,29.488,27.401,5.538,2.966,39.865,30.696,161.91,45.564,57.861,33.199,40.101,24.871,163.226,36.53,59.353,22.051,3.93,0.629,87.497,28.032,93.251,21.275,97.559,18.551,87.03,26.852,92.013,18.917,96.576,14.243,5.239,0.879,113.007,13.976,-20.805,48.801,113.022,31.015,112.506,12.644,-21.316,47.466,113.702,29.744,9.309,1.327,80.295,55.242,-162.886,28.267,155.035,22.443,79.577,53.321,-160.5,27.017,154.821,20.215,11.87,0.657,10.845,38.153,-144.989,41.302,197.696,24.356,11.265,36.982,-142.654,39.752,197.536,21.877,10.759,1.003,-27.78,18.347,33.112,54.272,198.437,35.343,-27.418,17.019,32.346,52.843,196.834,34.12,8.33,0.581,-33.865,17.126,161.384,21.56,102.678,46.318,-33.726,15.941,159.677,19.798,103.366,45.024,7.621,0.999,-23.362,14.597,186.915,17.93,47.075,26.498,-23.009,12.368,188.11,14.63,47.804,22.259,35.184,31.522,12.342,29.864,248.05,63.231,14.841,59.161,11.475,20.146,243.34,42.229,14.266,33.876,Schraubensalto,generated_Mean_Schraubensalto
107.928,26.451,535.472,111.86,35.805,535.472,174.403,319.78,554.856,-8.443,-91.748,85.291,78.633,-23.937,261.17,27.591,28.749,170.696,10.147,113.387,18.314,15.493,91.748,85.291,57.375,23.937,261.17,33.242,-28.749,170.696,5.75,-51.131,18.314,22.872,95.44,88.072,89.761,42.319,261.17,43.48,67.072,171.257,18.29,114.949,34.356,56.897,30.672,0.039,28.81,-174.327,137.875,51.397,51.096,-0.373,21.974,-174.237,120.278,54.652,36.347,11.66,1.845,-41.309,28.586,-291.128,92.515,221.754,99.951,-39.547,22.823,-286.854,70.595,223.553,89.555,15.429,1.896,20.976,49.325,-125.267,51.063,532.301,81.076,22.582,42.9,-123.499,45.351,528.291,72.429,17.861,1.794,180.491,55.667,1.011,54.305,644.523,47.171,178.966,50.901,-4.582,44.339,642.464,35.601,17.07,1.468,262.41,63.662,-97.387,64.468,616.873,35.098,259.004,58.186,-94.991,53.868,617.784,27.346,16.441,1.568,136.956,60.755,-61.685,85.044,584.48,50.122,137.688,55.615,-58.745,77.14,580.002,46.129,11.863,1.788,21.183,29.676,143.806,46.024,345.2,90.892,22.943,26.984,140.951,40.604,346.304,88.381,9.434,0.871,4.907,18.957,219.502,26.5,120.669,47.471,4.871,15.953,219.871,22.187,123.501,43.105,8.457,1.183,10.57,22.529,285.312,30.583,71.168,34.029,11.354,18.149,285.994,24.831,69.473,24.462,42.26,30.469,51.325,47.339,269.571,117.899,-8.642,94.007,48.681,27.805,269.33,80.835,-6.092,44.357,Rudi,generated_Mean_Rudi
84.413,-318.432,530.664,166.216,510.342,625.464,170.983,460.144,603.414,-15.353,-219.892,26.428,-38.286,-203.731,97.139,102.421,-30.904,343.131,35.632,136.095,63.967,16.175,219.892,26.428,37.465,203.731,120.281,15.024,30.904,367.27,27.74,-136.095,68.875,29.809,224.136,49.707,45.63,208.955,124.962,123.481,81.744,367.27,41.877,137.22,104.086,62.675,29.947,-49.676,86.667,-347.614,246.639,112.334,109.95,-43.445,65.704,-350.423,191.401,94.549,72.697,35.401,8.306,-40.93,47.193,-668.015,116.877,10.169,140.531,-44.282,31.701,-659.576,33.562,22.841,44.079,53.646,4.588,-15.509,29.289,-631.479,49.216,56.14,72.486,-17.995,17.817,-634.86,26.96,54.739,33.123,54.261,5.201,-97.642,46.033,-631.264,65.571,150.366,72.51,-96.908,38.036,-625.209,54.856,149.909,63.826,36.996,4.406,-119.838,70.34,-283.111,158.754,436.185,184.365,-111.091,59.822,-287.351,139.853,443.256,168.084,35.308,3.679,251.189,147.964,-6.439,186.604,868.071,75.37,247.375,132.991,-16.164,138.279,856.511,60.738,40.089,3.811,345.371,139.684,-202.003,131.828,855.786,63.096,335.378,122.52,-183.043,109.503,855.072,43.957,29.55,6.935,38.408,83.19,143.24,122.298,633.081,163.641,46.265,75.085,134.1,111.559,628.526,151.46,18.077,2.155,75.756,39.845,312.694,57.966,223.203,93.305,76.112,35.963,314.497,51.482,225.273,90.964,39.983,29.64,140.646,60.187,400.137,142.536,-79.56,163.809,134.268,41.689,387.768,85.032,-62.324,92.169,Fliffis- Rudi C,generated_Mean_Fliffis- Rudi C
-43.531,-69.866,199.018,49.825,70.3,207.236,75.522,306.12,221.295,-2.869,-122.387,18.977,-13.039,-57.108,84.244,-25.313,35.595,78.468,-2.311,74.034,17.329,9.961,122.387,19.833,12.269,57.108,87.467,24.467,-35.595,81.793,3.127,-73.6,18.143,14.741,128.037,25.016,21.672,63.706,87.754,28.372,40.033,82.335,10.737,74.345,26.191,60.865,30.152,8.906,22.801,-92.94,112.712,29.189,33.858,8.495,18.491,-94.062,103.783,28.793,23.682,13.125,3.763,-12.846,20.667,-368.883,78.697,45.057,51.798,-12.608,12.708,-366.027,52.958,45.282,25.772,14.608,2.147,-27.42,11.829,-387.778,61.394,88.031,24.718,-26.998,9.5,-382.918,56.274,89.115,21.862,11.556,1.869,-18.65,21.615,-117.523,80.844,185.211,37.103,-19.386,16.963,-121.029,75.33,183.941,30.523,8.775,2.036,-35.922,30.853,-18.875,39.82,235.93,35.053,-35.833,25.206,-19.042,29.332,235.118,25.218,7.192,0.789,-69.088,17.905,38.818,34.949,221.12,28.688,-68.398,14.174,38.936,28.482,220.425,21.014,5.949,0.484,-54.108,13.285,103.171,13.455,159.76,25.294,-53.91,12.388,102.574,12.306,159.96,23.764,5.439,0.343,-22.125,11.056,123.233,11.203,97.343,20.659,-22.409,10.114,123.341,9.668,97.616,19.307,6.098,0.837,-4.857,12.454,152.71,21.808,57.869,17.64,-4.769,10.033,153.985,19.759,56.739,14.889,42.674,32.457,0.258,25.309,200.251,81.433,-0.356,43.135,-0.125,15.533,198.916,56.396,1.514,20.354,Barani C,generated_Mean_Barani C
-3.994,1.934,1.604,6.029,7.529,6.39,28.941,186.705,44.928,-0.531,-2.837,1.066,-1.809,-53.389,1.35,-1.647,40.32,-1.831,-0.007,17.839,1.019,2.32,18.931,3.617,2.163,37.295,0.95,1.062,-40.106,1.033,0.484,-8.591,0.791,7.928,40.538,13.246,7.562,74.897,10.392,6.574,44.75,8.718,6.877,26.52,12.571,54.05,27.986,0.873,17.74,94.978,50.62,1.137,42.254,1.86,12.272,88.248,31.725,1.603,21.88,4.318,2.166,-0.74,17.297,-47.746,49.234,10.701,31.228,-0.786,10.062,-45.227,36.279,10.001,16.05,4.871,1.543,-5.727,13.226,-156.165,47.319,2.771,23.868,-5.683,9.101,-155.213,42.985,3.367,15.044,8.269,2.596,-4.158,13.336,-191.481,56.784,11.011,22.743,-4.301,9.533,-188.167,51.845,10.557,14.311,8.632,2.914,-3.335,13.511,-30.683,69.979,-0.923,21.726,-3.35,9.523,-31.036,63.436,-0.664,13.474,7.324,2.058,-3.402,13.467,107.209,42.173,-4.418,19.143,-3.317,8.942,105.01,37.814,-4.336,11.891,4.265,1.481,-3.549,11.948,101.489,31.908,-2.095,16.471,-3.559,8.006,100.872,27.567,-2.122,10.427,2.553,0.756,-3.143,9.827,51.301,21.282,0.079,17.579,-3.056,6.209,51.954,16.633,0.358,12.057,3.012,0.835,-3.286,11.415,37.966,21.328,12.769,19.145,-2.898,7.988,38.892,15.9,11.315,12.6,41.526,28.608,4.522,25.815,46.279,91.42,-1.033,54.744,3.593,11.005,48.631,44.748,0.468,18.423,Gr채tschwinkel,generated_Mean_Gr채tschwinkel
-47.441,-349.709,132.193,85.176,364.399,203.106,134.057,622.589,235.417,-10.125,-204.907,6.714,-14.476,-255.664,23.634,-22.637,-0.256,90.319,-0.204,111.117,11.527,16.629,204.907,9.241,23.937,255.664,33.238,37.497,0.256,128.254,4.076,-111.117,28.838,22.203,209.621,24.079,31.524,255.817,41.651,64.011,60.403,128.755,19.355,111.438,44.468,67.156,29.909,-22.206,39.347,-231.384,190.867,34.482,47.67,-19.851,30.932,-227.212,174.839,30.906,30.068,29.988,6.858,-26.334,32.557,-601.148,98.626,2.106,67.355,-26.884,21.952,-598.791,59.713,4.609,30.022,50.744,5.724,-19.069,19.601,-666.068,46.202,20.5,39.851,-19.141,12.261,-666.514,31.788,20.692,20.11,53.291,5.328,-23.272,22.773,-676.86,76.911,36.958,31.818,-23.595,19.913,-672.659,69.228,37.431,25.043,38.489,7.173,-45.241,43.299,-446.364,113.036,87.674,51.375,-45.307,38.418,-444.202,105.909,89.328,45.313,23.463,4.193,-58.432,50.678,-137.185,106.358,209.036,62.038,-57.814,40.095,-140.34,86.796,206.366,46.791,17.436,1.959,-50.185,42.071,49.636,81.918,229.873,56.802,-50.064,32.796,49.672,55.671,228.639,32.939,13.842,0.795,-27.293,32.869,170.553,31.302,141.879,47.516,-27.605,30.298,169.38,26.88,141.685,43.779,12.892,1.697,-6.969,19.934,239.726,38.296,45.635,36.326,-6.331,16.883,240.742,34.085,45.841,31.072,36.44,27.279,19.677,36.727,301.617,92.797,-30.744,86.98,17.636,20.584,295.792,61.811,-27.408,44.615,Fliffis C,generated_Mean_Fliffis C
-25.407,-88.832,-9.36,220.917,95.464,250.127,342.984,545.736,327.27,-14.476,71.693,-3.302,-8.6,-248.344,-5.636,0.012,-22.532,-12.655,-2.343,110.351,12.232,109.568,71.693,82.497,155.527,104.959,-3.934,-39.217,22.532,147.723,-4.962,-103.719,23.842,118.033,96.675,82.925,155.54,248.344,52.625,49.05,90.193,147.812,20.36,110.524,43.908,55.139,36.935,-19.741,42.996,290.124,83.679,5.449,62.839,-16.299,37.869,286.47,55.511,4.811,50.976,12.176,3.217,-9.091,118.313,151.518,72.854,-3.427,48.654,-11.725,113.263,149.649,63.978,-3.554,26.156,29.216,7.971,-47.555,35.76,-253.795,158.227,25.411,127.26,-45.623,28.913,-252.173,150.862,23.995,117.599,44.979,2.529,2.432,34.445,-569.04,55.426,0.784,52.869,1.655,33.586,-565.624,52.928,2.191,45.298,44.606,6.07,-12.589,83.023,-560.671,101.024,-57.239,73.535,-12.621,81.221,-557.314,93.756,-59.262,72.648,33.388,8.517,-44.224,64.252,-255.537,136.518,-119.277,71.629,-41.157,58.988,-255.19,126.213,-115.101,63.008,18.468,2.697,41.165,57.396,52.875,58.986,39.293,71.818,37.152,46.357,50.597,49.82,36.725,53.425,14.176,1.03,-15.12,33.292,165.217,32.403,68.546,50.004,-13.963,30.414,164.34,28.994,68.138,44.413,13.571,2.035,-26.592,19.112,223.572,34.869,41.81,52.866,-26.203,15.165,224.861,27.634,41.854,48.878,39.705,30.806,26.613,41.832,269.846,107.881,-1.616,88.807,24.956,25.526,261.282,85.334,0.245,43.664,1/2 ein 1/2 aus C,generated_Mean_1/2 ein 1/2 aus C
13.762,691.071,-18.249,25.331,692.525,26.043,62.368,716.658,59.463,1.714,56.278,-9.066,-11.519,287.782,0.695,17.81,249.437,-3.019,5.757,97.574,-6.859,4.245,56.278,9.911,11.626,287.782,0.511,2.563,249.437,5.575,5.62,97.574,6.583,11.424,82.187,20.305,18.231,287.811,12.507,22.687,249.437,15.055,11.303,98.677,15.058,49.718,33.64,10.875,21.723,279.882,93.236,-16.753,43.405,12.684,14.229,274.615,63.594,-20.028,23.802,11.502,6.474,3.622,23.22,18.299,120.444,-21.736,57.629,3.258,13.61,24.747,95.911,-20.437,26.275,17.488,4.455,-19.784,20.589,200.361,214.4,-15.183,40.338,-19.306,14.718,204.297,196.153,-13.987,21.931,34.255,3.397,-27.29,14.521,648.981,38.233,1.636,25.89,-27.509,9.011,643.065,37.751,1.692,12.468,38.861,3.086,-18.064,19.807,730.65,54.175,5.867,25.22,-17.441,14.02,731.07,46.469,5.684,13.278,45.658,5.105,28.083,30.796,764.612,74.487,10.719,32.539,27.935,23.945,760.616,60.266,10.141,19.01,21.994,8.92,54.84,21.939,481.026,127.854,-18.244,28.714,53.934,16.168,480.315,117.028,-17.413,17.532,10.524,1.591,25.822,12.857,199.496,46.569,-19.38,15.9,25.911,10.259,202.92,43.495,-19.529,10.377,11.774,1.163,6.876,12.869,184.93,39.747,-17.12,19.929,7.217,9.969,187.398,35.468,-16.91,14.206,37.783,30.852,16.252,24.308,265.415,107.987,-10.172,47.484,15.519,14.828,259.099,74.977,-8.638,23.935,Doppelsalto B,generated_Mean_Doppelsalto B
-67.874,-624.105,101.8,67.874,624.105,101.8,93.985,669.699,140.383,-25.666,-211.458,42.652,-16.288,-172.587,23.854,-10.094,-78.533,12.268,-15.827,-161.526,23.026,25.666,211.458,42.652,16.288,172.587,23.854,10.094,78.533,12.268,15.827,161.526,23.026,33.269,213.58,48.139,19.331,176.048,28.088,18.037,99.822,23.069,23.349,180.25,41.088,64.028,28.29,-9.096,48.485,-264.148,175.786,113.219,121.711,-9.256,38.853,-257.667,164.966,102.947,91.323,31.568,2.636,-96.986,29.285,-620.872,75.926,89.172,71.925,-94.916,12.324,-618.451,58.185,97.448,33.872,27.865,2.41,-71.497,20.214,-628.926,46.717,88.616,24.226,-71.679,16.917,-627.976,39.966,88.097,13.288,25.236,3.619,-52.865,15.58,-519.414,48.538,64.457,21.953,-51.601,14.065,-515.317,48.38,63.546,17.744,11.53,2.973,-11.182,13.716,-184.008,141.012,36.239,32.854,-11.747,10.699,-185.48,133.382,36.87,25.503,10.292,3.467,3.408,19.707,41.66,65.665,22.641,35.801,1.598,15.356,33.241,59.076,22.813,23.422,6.989,3.437,-41.825,22.894,-254.183,126.242,17.437,27.236,-40.24,19.386,-252.479,119.803,18.409,20.224,19.491,3.751,-41.819,17.86,-499.148,37.26,73.446,21.149,-41.777,13.509,-496.42,32.996,73.059,15.436,22.104,1.942,-45.413,24.772,-513.875,109.738,79.785,96.84,-45.4,8.601,-504.402,32.363,77.442,25.94,51.34,28.909,-21.793,68.718,-152.837,305.102,12.088,204.957,-21.876,26.637,-168.613,163.402,12.822,37.906,1 3/4 Salto vw B,generated_Mean_1 3/4 Salto vw B
47.143,-331.88,85.738,47.143,331.88,166.335,90.423,689.337,231.918,18.041,-219.328,-5.158,13.11,-266.361,1.725,14.718,16.743,90.432,1.273,137.066,-1.261,18.041,219.328,5.492,16.281,266.361,10.807,11.548,-16.743,145.533,1.273,-137.066,4.503,20.804,220.22,16.415,23.777,266.361,37.014,31.568,64.266,150.62,14.273,138.489,27.869,64.101,29.618,25.141,24.863,-307.388,163.664,-1.794,39.025,25.293,18.51,-308.865,150.998,-3.135,21.818,32.522,5.535,63.846,15.725,-669.313,77.648,-18.031,42.673,62.066,10.732,-662.807,37.855,-15.993,16.803,50.354,4.029,41.826,17.041,-671.77,26.943,-26.427,28.816,43.344,12.718,-673.827,16.825,-25.916,20.279,55.199,3.022,60.283,18.826,-744.244,35.736,-17.386,34.579,58.316,16.358,-739.544,32.607,-16.212,30.462,39.114,8.624,4.188,31.264,-513.958,154.496,58.886,73.141,4.269,26.391,-510.868,143.272,64.071,69.95,23.876,3.015,8.935,65.202,-129.457,107.134,268.77,72.918,10.023,49.622,-130.392,96.72,262.333,62.371,16.506,2.392,55.604,31.02,130.629,61.655,280.352,66.022,55.477,23.292,126.218,47.948,274.976,61.659,13.203,0.792,17.988,23.725,244.825,97.637,54.536,73.005,17.536,20.799,240.451,74.883,61.376,66.696,14.269,1.75,0.561,29.816,322.469,55.479,40.936,37.962,2.048,23.155,328.77,41.684,35.47,25.989,46.318,31.451,7.698,48.148,344.175,164.237,-46.335,94.877,7.116,31.056,348.488,106.155,-41.625,43.143,Fliffis aus C,generated_Mean_Fliffis aus C
-7.016,344.504,-13.229,13.674,344.504,15.223,37.771,452.343,58.391,0.846,14.248,0.169,-0.234,162.248,-8.148,-4.011,92.925,0.832,-3.616,75.084,-6.082,1.961,14.248,2.981,4.341,162.248,4.998,3.645,92.925,2.802,3.727,75.084,4.442,8.985,101.664,17.42,9.912,175.373,14.608,9.556,92.925,11.493,9.318,82.381,14.87,51.188,29.758,-3.305,24.92,273.109,103.839,-11.347,45.211,-4.227,14.476,260.593,60.949,-13.26,19.609,6.693,3.676,8.404,22.227,-6.323,162.253,4.289,46.922,7.472,13.35,-10.963,125.747,4.377,20.723,10.854,4.316,4.349,13.264,-187.412,239.523,12.413,42.029,5.389,7.924,-167.118,191.13,12.668,23.342,12.476,4.065,4.934,15.725,414.084,126.27,-6.016,25.605,5.18,10.812,407.48,118.937,-8.439,16.398,23.475,2.117,-10.596,22.163,555.96,68.508,-33.452,32.809,-11.255,15.362,553.558,46.533,-30.32,20.009,14.165,6.879,-28.131,24.374,379.054,124.638,4.21,31.65,-27.247,15.322,374.663,103.959,2.996,13.812,5.211,0.891,2.343,13.424,124.072,35.384,5.76,12.596,1.376,11.071,127.997,34.051,5.858,9.824,5.321,0.653,4.17,6.529,122.914,31.424,5.356,14.401,4.297,4.155,125.133,28.055,4.625,10.881,3.885,0.714,-1.215,8.163,224.504,25.371,-8.698,18.409,-1.724,6.253,225.318,23.85,-10.117,12.132,49.397,34.685,-22.09,32.275,145.814,183.073,-25.153,63.916,-20.616,16.42,141.625,142.018,-22.314,28.114,Salto rw B,generated_Mean_Salto rw B
-14.817,337.451,-13.282,15.158,337.451,14.397,31.741,344.647,41.688,-3.264,97.413,-6.107,-3.992,89.459,4.038,0.942,62.999,-4.522,-8.502,87.579,-6.691,4.191,97.413,7.529,3.065,89.459,-0.719,0.123,62.999,3.427,7.779,87.579,4.161,9.907,97.767,15.719,6.676,89.459,6.682,3.737,62.999,5.536,11.421,94.421,13.75,46.6,30.064,-6.22,22.641,286.632,84.622,-5.068,53.363,-5.995,11.656,280.804,46.827,-3.626,20.771,5.572,2.213,-5.601,24.232,220.703,103.255,-23.808,44.151,-5.998,14.158,218.054,47.459,-22.781,17.07,8.495,0.982,-17.845,12.439,179.628,27.611,3.539,20.576,-17.998,6.831,180.669,18.939,3.962,10.719,7.5,0.656,-11.558,12.147,221.578,17.122,17.373,14.642,-11.47,8.473,221.2,12.149,16.922,7.886,6.799,0.435,-2.013,6.21,223.705,13.16,9.379,12.062,-1.87,4.365,222.86,10.697,9.29,7.958,6.433,0.433,5.502,5.087,177.618,18.956,-2.043,6.451,5.159,3.674,177.614,17.444,-2.117,4.375,6.856,0.532,2.823,5.736,133.414,12.831,-14.123,8.355,2.741,4.471,134.561,10.664,-13.624,6.001,7.209,0.628,-6.051,5.997,162.838,27.777,-7.876,11.295,-6.055,4.264,164.508,25.156,-8.322,7.348,6.335,0.89,-14.923,10.797,263.161,33.976,-9.737,20.825,-15.117,7.533,262.93,28.8,-11.329,12.415,51.177,33.473,-31.88,35.605,172.955,183.533,-20.591,69.803,-30.064,17.522,175.437,133.858,-19.227,26.824,Salto rw A,generated_Mean_Salto rw A
-1.423,345.503,-9.436,10.049,345.503,9.436,36.164,415.434,59.007,1.233,20.717,10.02,4.92,218.205,-8.926,-0.02,39.094,-4.879,-7.556,67.487,-5.652,1.402,20.717,10.02,7.055,218.205,-7.39,0.41,39.094,1.215,1.182,67.487,5.591,9.609,82.833,18.799,11.553,218.703,18.519,4.587,39.094,7.509,10.414,74.804,14.181,40.014,28.621,-13.735,22.336,257.988,122.809,31.655,45.445,-15.551,12.139,229.766,65.004,26.619,21.528,11.598,3.714,9.572,20.839,-130.348,137.155,30.771,58.396,10.277,10.752,-114.804,106.587,29.488,23.544,8.985,1.979,27.334,20.203,293.942,341.798,-13.005,48.98,25.398,15.372,285.502,288.137,-12.801,30.707,17.554,1.848,12.45,13.549,627.429,70.805,-31.363,20.69,12.159,8.467,623.236,41.7,-31.45,9.116,14.215,4.517,5.348,28.812,413.065,193.132,0.758,71.098,5.934,12.61,410.124,131.879,-0.463,21.585,4.271,1.758,8.452,11.952,114.798,63.984,-14.608,30.308,7.828,5.845,119.6,47.371,-13.212,12.999,5.392,0.971,-1.691,6.733,67.79,15.532,-13.542,6.747,-1.462,5.217,69.885,13.196,-12.271,4.466,4.195,0.52,-8.276,4.188,133.749,26.769,7.691,9.582,-7.924,2.742,134.676,25.457,6.601,5.832,3.57,0.726,-5.806,9.343,212.145,33.595,-17.684,25.351,-7.086,7.814,211.334,25.353,-17.856,19.285,53.994,32.48,-36.085,37.423,117.487,151.76,-12.005,70.541,-34.543,9.434,123.845,106.971,-12.555,24.563,Salto rw C,generated_Mean_Salto rw C
8.315,-182.851,18.134,16.003,278.464,18.134,27.45,303.388,46.041,3.714,-7.049,3.407,1.389,-36.653,3.54,2.487,-73.855,6.831,0.725,-65.294,4.356,3.768,14.98,3.919,3.482,47.203,3.259,6.382,117.68,6.632,2.371,98.601,4.324,7.398,26.943,12.969,4.678,47.833,5.874,7.706,117.68,10.123,7.668,110.932,17.075,49.862,33.0,5.954,21.425,-43.857,68.738,4.51,44.83,5.902,14.377,-45.566,54.465,3.613,20.098,4.27,1.286,11.822,12.528,-3.192,70.09,10.703,31.597,11.633,7.146,-2.752,49.881,9.776,15.704,2.375,0.465,5.62,5.491,2.24,21.729,16.524,10.025,5.56,3.656,0.643,18.629,15.734,5.96,1.275,0.385,1.568,4.404,-79.68,28.916,7.458,10.579,1.655,2.922,-78.663,27.722,7.838,7.676,1.459,0.375,4.368,4.309,-122.445,17.074,8.447,7.275,4.433,3.084,-121.904,15.561,8.51,5.001,2.033,0.695,7.119,4.799,-135.603,20.15,15.708,8.457,7.037,3.41,-136.229,19.503,15.481,6.062,5.371,1.436,6.103,6.604,-178.519,25.48,16.407,9.826,6.093,4.689,-178.319,23.1,16.617,5.881,8.137,0.728,-0.694,8.689,-212.067,20.111,18.584,15.066,-0.58,6.805,-211.178,14.716,18.287,10.335,7.332,1.16,1.416,14.717,-171.026,63.757,7.891,27.835,1.644,10.439,-172.31,35.221,7.971,11.968,48.809,32.876,5.336,25.789,-85.888,268.232,12.162,137.684,5.396,8.218,-86.259,107.898,11.936,21.324,3/4 Salto vw A,generated_Mean_3/4 Salto vw A
-14.312,-64.974,192.416,41.502,86.014,192.416,80.532,405.237,232.644,0.496,-84.864,5.181,-11.322,-90.755,74.086,-7.168,25.106,105.762,3.682,85.54,7.388,7.02,113.533,11.75,18.93,115.726,67.516,18.504,-31.942,105.762,-2.953,-111.304,7.388,14.982,133.527,24.913,26.188,117.644,74.945,23.593,40.493,105.921,15.769,113.574,26.865,58.878,32.582,-1.728,56.752,-76.837,302.227,8.279,120.351,-1.56,23.854,-74.775,104.565,10.806,31.026,18.789,3.428,-0.359,22.762,-254.408,134.645,12.268,50.712,-0.572,16.571,-256.438,106.4,11.421,17.911,28.76,2.937,9.42,18.177,-402.218,40.845,60.62,37.294,8.139,15.171,-397.538,38.345,60.495,31.61,22.69,4.018,-20.287,24.693,-281.045,106.578,146.086,47.03,-20.038,20.503,-279.308,99.164,148.732,40.335,14.793,3.347,-55.138,43.816,-84.471,63.397,278.995,63.217,-53.603,32.449,-87.135,52.368,277.596,47.938,11.905,1.493,-27.242,32.985,11.372,43.405,349.538,33.435,-27.856,25.531,11.902,35.454,346.212,23.449,10.21,1.003,-12.923,19.575,84.672,27.202,257.392,60.261,-13.153,17.507,83.808,25.49,255.828,55.48,8.499,0.723,-8.592,14.584,141.227,27.464,100.89,29.486,-8.346,12.366,142.366,25.287,103.156,28.001,9.815,1.432,10.359,16.946,248.477,58.225,48.194,30.238,10.539,13.876,247.513,52.245,45.836,25.936,44.971,28.318,16.006,39.802,209.04,152.749,-39.789,83.391,15.049,21.556,210.628,105.596,-34.153,36.131,Baby- Fliffis C,generated_Mean_Baby- Fliffis C
123.098,-287.24,-46.755,123.098,287.24,147.035,177.702,666.841,224.173,5.191,-238.192,3.361,12.477,-199.928,-40.306,97.631,8.686,-1.563,7.798,142.195,-8.246,14.381,238.192,11.706,30.019,199.928,25.24,70.9,-8.686,96.858,7.798,-142.195,13.23,22.915,239.762,20.954,38.172,205.043,46.627,100.658,79.813,125.158,15.957,142.223,31.433,66.314,33.192,30.314,30.453,-249.082,162.66,-5.91,48.694,29.451,22.902,-247.326,153.445,-6.8,34.818,33.924,5.907,16.874,22.073,-670.95,97.474,13.912,36.587,16.398,18.322,-666.836,70.174,15.678,14.528,41.218,1.6,-21.625,14.946,-723.071,42.858,-2.958,31.704,-19.782,11.228,-721.187,37.855,-4.082,19.828,31.006,6.625,27.314,26.36,-511.256,129.182,-53.794,29.823,26.873,23.6,-509.675,120.488,-55.005,20.805,24.703,5.174,71.339,44.557,-257.008,79.207,-145.723,70.658,71.165,38.704,-258.304,69.95,-143.161,61.917,19.045,3.954,166.911,59.467,-139.139,77.826,-63.073,76.006,169.221,55.865,-139.265,64.122,-60.843,64.968,19.865,2.324,275.791,55.98,57.913,89.899,110.245,38.997,270.184,48.805,58.567,77.343,104.558,36.386,14.53,1.095,113.806,60.9,233.051,58.348,-7.459,74.234,115.165,58.879,231.286,50.928,-3.824,68.587,16.399,1.977,-2.832,20.618,284.269,71.5,-2.51,45.379,-0.551,14.122,287.709,49.167,-3.565,35.162,42.908,32.36,13.949,34.908,371.101,134.008,-5.478,74.805,13.651,19.085,367.953,88.43,-5.147,44.25,Fliffis aus B,generated_Mean_Fliffis aus B
7.312,-3.921,4.169,7.312,4.755,4.169,37.269,206.88,50.412,1.849,19.96,8.29,5.798,4.448,-2.814,-1.869,-31.257,1.744,1.534,2.928,-3.05,1.849,19.96,8.29,5.798,4.448,-2.814,-0.883,-17.559,2.198,0.548,-2.094,-3.504,12.082,71.152,18.68,7.932,85.315,8.968,9.202,31.831,9.404,8.053,18.582,13.361,65.145,18.128,-25.539,21.544,-127.913,95.028,17.854,120.842,-21.133,11.707,-133.68,18.938,6.362,23.231,8.684,6.368,17.324,21.625,111.527,119.443,37.092,44.333,16.649,11.255,110.158,105.602,32.146,18.163,11.702,3.156,33.714,16.508,292.249,27.429,0.367,18.649,31.011,9.423,287.272,21.284,3.654,12.355,13.582,2.677,7.506,10.724,113.717,138.899,1.341,20.895,9.101,5.459,106.663,129.41,0.169,8.664,8.46,2.676,15.09,15.007,-228.738,53.451,-8.856,38.67,14.172,8.654,-217.92,23.365,-6.81,10.37,8.408,2.777,3.8,18.354,-156.023,46.71,5.679,25.577,3.375,13.107,-155.444,43.358,4.688,13.6,1.7,0.904,-10.295,10.364,-32.434,15.982,7.424,9.203,-9.389,7.319,-34.366,14.415,7.278,5.166,1.463,0.455,-3.566,13.7,1.133,12.757,5.009,10.355,-3.119,10.8,0.671,9.642,4.891,7.763,2.987,0.664,13.373,12.244,9.867,12.737,12.54,17.262,12.251,7.798,9.639,6.412,11.53,11.259,29.513,23.913,-4.454,21.904,6.551,161.533,-25.075,90.85,-3.064,7.837,8.126,34.219,-19.367,27.906,B체cksprung,generated_Mean_B체cksprung
1.076,-9.973,1.097,3.038,9.973,1.112,28.957,161.211,60.586,1.55,22.401,6.713,1.938,-16.485,-1.943,0.711,-15.799,7.331,-3.122,-0.091,-11.004,2.24,22.401,6.713,2.063,-16.485,-1.943,0.373,3.965,7.331,-1.638,0.091,-10.989,9.419,69.172,21.234,7.667,54.004,10.976,4.979,20.329,9.582,6.892,17.707,18.793,62.207,25.354,-3.628,29.189,-125.835,98.417,15.167,124.16,-0.063,14.451,-128.169,25.748,-5.55,26.215,6.555,3.027,20.806,16.848,147.765,99.108,18.295,49.611,18.042,8.462,139.431,89.585,17.248,28.844,7.56,2.099,-15.131,15.018,204.542,40.815,13.879,41.33,-12.682,8.267,200.682,36.093,12.5,22.71,11.647,4.103,9.198,13.852,-33.748,97.558,-12.417,22.899,7.55,7.485,-29.001,88.043,-11.846,10.801,6.936,2.173,10.325,21.987,-148.107,37.691,7.871,39.278,10.641,14.296,-146.74,15.228,8.589,15.367,4.514,2.608,0.005,17.339,-89.947,62.264,17.43,18.005,0.451,13.458,-91.407,49.272,16.844,8.783,1.5,0.556,6.051,11.652,-5.748,24.758,17.554,11.242,5.444,8.059,-6.148,18.312,18.098,9.019,1.546,0.443,-11.556,11.042,9.456,7.024,17.964,21.321,-10.605,8.536,9.517,3.713,16.792,17.789,2.557,0.547,-5.638,10.457,0.393,14.175,-8.276,23.402,-5.843,5.466,0.797,9.271,-9.434,14.514,31.618,26.598,-2.789,28.046,-1.979,172.241,-48.019,130.433,-1.895,8.583,0.24,29.702,-41.87,24.255,Hocksprung,generated_Mean_Hocksprung
95.447,157.595,331.932,98.993,157.595,368.136,163.725,302.214,389.543,30.876,51.75,52.128,63.469,-38.793,147.038,-13.664,32.252,121.536,14.766,112.386,11.229,35.393,82.285,57.973,67.272,-33.488,164.493,-18.56,19.964,133.005,14.888,88.833,12.666,36.709,82.434,62.667,72.285,50.462,164.493,36.114,55.477,133.154,18.617,113.841,29.229,53.509,29.359,35.26,26.114,184.367,73.088,33.147,55.348,37.514,19.108,181.562,52.358,34.657,33.632,6.529,1.963,88.644,36.334,101.617,66.036,148.011,69.85,88.18,27.793,102.47,53.702,149.932,58.125,7.749,1.413,147.029,34.896,27.285,39.965,294.262,50.045,147.398,29.058,28.087,37.43,291.828,40.364,10.027,1.536,201.619,22.96,-63.421,54.817,340.331,42.297,198.766,19.297,-65.173,48.089,341.075,36.291,12.758,1.371,100.915,64.624,-174.221,41.208,399.07,31.286,100.643,61.144,-169.733,35.547,398.857,26.651,13.882,1.175,-33.77,29.21,-27.062,83.622,414.07,45.336,-31.452,26.89,-26.745,75.788,410.048,41.325,10.648,1.06,-41.65,21.278,133.774,36.367,253.662,55.577,-41.105,19.835,132.075,32.95,254.705,53.885,9.347,0.757,0.614,19.624,195.488,23.912,120.434,38.337,0.15,17.671,195.699,19.696,121.733,35.681,8.812,1.395,26.724,17.673,271.264,35.923,50.224,33.153,27.143,14.203,272.409,32.458,49.461,27.216,37.871,29.952,58.259,37.167,305.912,118.396,-28.95,72.135,55.532,21.314,301.75,83.046,-25.507,35.139,Schraubensalto A,generated_Mean_Schraubensalto A
-61.909,-256.763,179.163,85.835,289.363,236.946,126.215,606.756,256.087,-15.97,-228.922,15.456,-12.384,-190.578,42.734,-40.369,29.212,103.327,6.813,133.526,17.646,18.304,228.922,16.108,14.175,190.578,49.87,48.395,-29.212,140.933,-4.513,-133.526,24.537,24.503,234.875,27.901,26.797,193.616,54.651,66.189,76.753,140.95,18.199,134.112,38.082,71.19,31.651,-17.862,44.951,-240.53,196.827,50.98,66.781,-16.564,33.778,-234.741,185.101,47.161,43.499,32.429,7.413,-58.497,27.846,-661.228,163.9,34.433,70.724,-58.0,17.282,-657.1,68.937,36.254,29.757,40.34,2.161,-26.596,20.846,-651.203,55.814,22.317,28.351,-27.062,17.964,-651.057,47.568,23.629,18.727,33.196,4.654,-15.594,17.842,-498.038,102.537,67.041,32.565,-16.051,14.697,-494.83,93.203,67.563,26.977,23.801,4.108,-54.098,40.526,-259.95,88.101,154.942,55.066,-54.756,36.023,-261.461,81.162,154.514,48.318,21.203,2.398,-114.184,46.838,-99.879,87.753,229.88,46.975,-112.181,42.059,-99.112,81.068,230.09,40.463,19.516,1.992,-69.763,46.367,133.826,65.579,256.159,44.025,-70.339,40.137,132.023,58.478,253.452,37.353,15.48,0.759,-28.527,32.891,214.417,28.867,149.524,48.933,-28.624,30.86,213.919,25.113,149.566,46.961,16.64,1.505,10.103,17.635,262.303,49.133,60.788,28.913,10.596,15.006,263.876,44.387,60.911,24.96,35.541,26.865,42.739,30.249,366.938,103.031,-20.572,70.101,40.192,19.809,359.196,68.579,-17.528,39.645,Fliffis B,generated_Mean_Fliffis B
20.356,-27.913,181.517,29.84,34.174,181.517,62.026,344.631,215.211,10.187,-150.173,9.594,9.543,-29.508,102.505,-1.174,61.277,71.814,1.799,90.491,-2.396,11.018,150.173,9.605,14.251,29.508,102.494,3.115,-61.277,71.814,1.457,-84.231,-2.396,14.298,150.832,20.687,22.381,40.191,103.659,14.44,61.522,72.115,10.907,92.086,18.75,59.21,26.813,20.913,25.922,-224.889,130.667,-27.384,28.782,19.957,22.079,-229.22,119.932,-23.581,18.21,20.037,2.169,42.786,18.243,-502.394,51.849,54.172,23.444,41.616,15.198,-493.136,41.679,51.522,19.303,8.601,3.992,-11.093,17.083,-312.709,95.512,52.077,25.445,-9.498,13.876,-311.543,90.184,54.103,19.183,10.388,2.887,21.381,32.791,-73.252,33.057,186.742,98.53,21.967,29.064,-77.31,29.946,189.871,92.922,11.731,1.369,47.54,40.115,5.851,46.845,422.255,44.365,45.433,34.336,6.723,40.995,414.875,38.476,9.722,0.593,-6.383,15.268,109.199,26.833,305.542,52.797,-5.379,13.43,108.497,23.544,303.988,51.289,7.872,0.728,-0.401,12.326,161.212,18.957,116.045,47.355,-0.367,10.641,161.687,16.738,118.617,45.684,6.843,0.741,0.378,12.174,218.524,37.388,39.043,21.442,0.595,7.856,217.914,31.83,39.34,14.682,6.756,1.118,11.19,15.517,239.627,31.272,12.264,34.036,11.003,10.875,240.686,26.706,11.378,22.024,41.243,28.714,0.18,32.345,206.739,113.8,-44.469,50.246,0.857,19.861,200.58,90.471,-42.048,25.622,Barani B,generated_Mean_Barani B
-24.889,-305.726,51.008,240.943,437.093,525.99,257.86,540.432,550.099,-14.916,-250.748,17.571,-47.0,-145.022,-20.031,19.332,-58.255,50.459,17.695,148.299,3.01,20.562,250.748,17.571,70.271,145.022,154.19,101.838,58.255,296.245,12.483,-148.299,43.092,29.088,253.588,28.779,93.131,166.721,173.16,141.7,101.771,296.245,29.73,149.72,66.806,68.34,32.545,-5.475,49.362,-288.292,209.018,28.266,71.825,-4.205,37.413,-286.54,196.391,26.101,42.609,37.388,6.111,-44.013,30.461,-715.426,71.505,48.117,39.203,-44.613,23.389,-709.42,52.114,49.553,16.518,45.177,3.577,-73.957,21.594,-716.256,56.565,42.129,46.193,-74.466,18.138,-712.117,49.11,41.486,38.975,29.033,8.788,-125.035,64.863,-414.509,134.436,-61.797,117.111,-123.15,57.689,-414.476,127.772,-60.461,111.636,34.191,4.368,-70.693,103.205,-62.832,115.67,-16.199,167.314,-70.788,91.374,-64.952,96.533,-14.295,150.603,32.348,2.832,42.972,97.241,-114.004,179.099,193.305,74.034,42.024,83.812,-121.514,152.398,188.878,57.893,32.938,3.614,77.519,158.027,-261.605,167.761,121.191,60.016,76.922,148.896,-249.162,146.296,122.311,50.149,21.063,3.738,32.356,42.705,170.832,72.388,74.481,108.135,33.078,38.691,164.179,69.407,74.744,105.167,18.85,1.643,24.155,22.556,292.299,62.635,31.649,70.297,25.671,19.35,295.073,54.562,31.629,66.638,43.256,31.239,68.491,40.227,412.562,143.332,-27.385,86.533,63.874,28.788,409.368,90.069,-24.795,49.79,Fliffis- Rudi B,generated_Mean_Fliffis- Rudi B
-360.738,-495.995,-247.112,360.738,495.995,247.112,472.882,850.034,412.877,-151.269,11.422,-90.666,-221.861,-374.584,69.121,0.481,-237.76,-136.745,11.911,104.928,-88.821,151.269,11.422,90.666,221.861,351.74,-68.592,-0.481,237.76,136.217,-11.911,-104.928,88.821,151.337,130.786,110.825,221.861,374.584,69.775,77.594,239.465,137.649,22.09,105.198,94.628,43.854,35.751,-94.325,76.369,310.867,93.303,-204.796,81.671,-93.389,69.325,302.982,69.979,-203.073,72.274,17.615,8.8,-350.352,119.268,-41.676,143.244,-283.851,79.415,-353.442,112.661,-42.081,140.751,-276.987,71.077,51.949,11.002,-575.174,32.399,-499.679,88.697,155.437,108.728,-569.821,24.027,-497.123,90.321,147.387,100.269,71.848,2.857,-462.712,34.036,-732.662,42.431,158.355,24.352,-463.474,33.214,-730.566,41.742,158.477,21.415,76.586,1.11,-354.623,33.606,-823.228,22.795,68.304,29.043,-354.392,33.286,-823.266,22.326,67.64,29.178,75.541,5.183,-187.862,84.931,-860.402,58.301,-98.593,71.314,-184.99,83.582,-849.604,60.815,-99.201,69.111,35.174,9.648,101.106,54.462,-298.73,163.365,-371.335,107.259,98.832,49.621,-305.18,160.14,-366.888,92.823,20.783,3.198,138.303,53.066,15.997,59.652,-399.534,41.262,135.054,43.681,14.109,57.242,-398.68,30.945,15.245,1.639,15.459,29.064,201.078,71.469,-203.281,82.412,16.97,25.922,202.95,69.485,-205.46,78.089,43.562,30.718,-7.468,29.678,284.827,107.543,-37.361,62.768,-7.453,15.331,276.843,93.341,-38.663,47.685,Halb ein Triffis C,generated_Mean_Halb ein Triffis C
-60.035,-770.351,-159.18,60.035,770.351,159.18,211.575,1007.505,265.259,-39.086,-256.469,9.754,-70.877,-406.297,30.063,12.037,-222.603,-127.656,37.891,115.018,-71.342,39.086,256.469,9.754,70.877,406.297,30.063,-12.037,222.603,48.022,-37.891,-115.018,71.342,43.526,258.15,28.565,70.877,406.297,30.399,57.151,226.682,128.808,40.021,116.376,77.486,64.484,35.771,-54.507,45.479,-243.899,216.382,-28.764,59.579,-50.091,37.189,-241.562,198.021,-25.613,34.334,44.715,11.696,-86.225,37.133,-706.556,98.71,49.832,48.11,-88.459,30.657,-702.663,84.944,46.438,39.054,71.026,3.416,-138.048,14.408,-812.442,33.763,62.586,23.533,-137.855,10.262,-814.089,26.295,63.209,7.376,77.029,0.593,-148.397,6.599,-862.03,6.049,78.224,7.578,-148.524,5.852,-861.339,4.067,77.38,4.41,78.068,0.248,-162.374,6.456,-869.983,7.152,50.5,22.009,-161.26,6.05,-870.249,5.517,49.65,21.218,74.108,6.169,-84.279,64.519,-839.732,69.538,-86.845,73.592,-81.305,61.996,-830.346,71.62,-89.597,72.144,37.146,7.307,111.123,53.456,-326.481,150.493,-376.017,83.735,106.712,44.284,-330.806,148.94,-372.487,76.219,23.059,3.895,103.065,45.526,39.521,82.972,-392.096,57.887,102.777,37.482,37.257,79.648,-388.784,46.791,20.583,1.645,59.876,38.091,221.744,48.004,-173.689,97.599,61.473,29.366,221.553,44.228,-175.335,85.883,40.898,29.036,82.219,39.094,331.261,145.913,-26.046,64.03,77.798,27.369,325.284,91.071,-30.388,29.17,Triffis C,generated_Mean_Triffis C
-482.785,-138.427,-728.336,482.785,138.427,728.336,550.188,606.242,755.836,-38.117,-144.035,-135.285,-256.841,-107.72,-219.777,-180.648,-48.573,-322.662,-7.179,161.902,-50.612,38.117,144.035,135.285,256.841,107.72,219.777,180.648,48.573,322.662,7.179,-161.902,50.612,70.512,158.981,142.989,256.841,177.981,220.067,198.898,107.379,322.662,23.938,161.902,70.119,69.49,36.251,18.23,45.41,-227.626,200.691,-34.971,64.3,20.763,36.33,-222.834,193.389,-36.207,33.809,23.858,3.785,-9.593,127.647,-469.112,129.291,-241.374,210.352,-17.944,120.036,-459.909,103.082,-248.045,194.489,32.004,2.701,-490.667,125.274,98.94,226.657,-803.007,107.323,-487.986,118.613,84.084,193.212,-786.519,94.323,44.321,8.196,-630.023,163.642,-317.77,259.575,-336.212,155.288,-621.896,141.812,-310.091,246.505,-343.601,146.582,35.021,10.18,-393.996,74.274,-368.042,230.823,-391.614,201.427,-399.271,67.289,-362.345,210.422,-396.101,186.993,45.33,5.87,-604.997,108.283,-13.254,141.214,-683.339,136.065,-599.419,93.232,-23.963,124.793,-678.569,120.329,35.258,2.872,-321.243,220.77,-268.12,119.698,-648.051,106.711,-321.954,206.778,-253.952,109.541,-646.552,92.917,23.87,5.123,14.406,32.764,139.419,105.676,-489.35,143.255,9.633,30.828,132.907,101.604,-486.017,136.264,22.722,2.452,-52.095,17.474,293.834,53.774,-92.835,78.11,-50.454,13.631,297.803,48.712,-93.365,75.216,43.343,30.146,12.304,42.9,425.071,137.617,23.449,78.488,11.31,31.408,418.195,103.792,18.839,48.349,Voll- ein- Rudi- aus B,generated_Mean_Voll- ein- Rudi- aus B
-392.081,68.99,-675.423,392.081,84.628,675.423,467.171,572.127,700.376,-124.204,60.923,-179.047,-235.235,-42.388,-285.396,-36.054,-77.487,-180.606,3.412,127.942,-30.374,124.204,60.923,179.047,235.235,-32.552,285.396,36.054,48.54,180.606,-3.412,7.716,30.374,127.02,113.047,179.047,235.235,178.86,287.49,81.558,152.277,180.778,23.359,127.942,53.06,52.734,35.442,-52.369,76.049,337.442,96.134,-155.311,94.065,-58.167,70.251,334.27,69.289,-153.114,69.113,16.848,5.571,-389.736,72.745,108.224,112.307,-395.747,134.641,-382.61,71.5,104.987,111.426,-402.206,125.105,41.771,7.146,-363.327,76.17,-174.412,171.562,-901.937,145.73,-365.111,64.982,-153.362,149.561,-891.545,132.692,36.351,7.682,-555.844,222.407,307.91,188.078,-714.29,193.297,-552.61,194.157,280.614,170.965,-713.561,179.637,45.984,6.851,-528.943,164.553,-477.708,194.332,-278.098,96.142,-527.937,153.661,-464.387,190.381,-282.793,90.897,38.882,5.557,-201.172,62.845,-512.417,153.157,-292.337,115.264,-202.461,59.731,-504.674,146.581,-295.63,105.485,26.182,4.718,-16.039,83.302,14.057,125.005,-498.325,97.188,-17.518,66.996,8.208,114.83,-490.836,81.726,18.976,1.695,47.391,61.595,186.089,37.072,-289.98,53.854,45.157,54.971,184.062,27.003,-291.036,53.698,20.558,1.956,-23.52,24.947,235.418,50.138,-71.896,70.308,-21.65,20.378,238.426,43.484,-72.916,65.455,39.76,28.54,17.595,43.891,341.974,105.504,39.759,67.241,15.818,31.087,330.921,78.611,37.238,40.863,Voll- ein- voll- aus B,generated_Mean_Voll- ein- voll- aus B
-304.612,-269.654,-491.171,304.612,269.654,491.171,375.013,615.11,511.207,-26.379,-147.984,-95.366,-239.075,-123.861,-176.616,-51.082,-127.815,-163.898,11.924,130.006,-55.29,26.379,147.984,95.366,239.075,123.861,176.616,51.082,127.815,163.898,-11.924,-130.006,55.29,48.501,154.749,102.663,239.075,179.465,181.152,59.466,150.231,164.516,27.972,130.664,62.876,68.46,31.094,-37.985,46.468,-175.924,208.229,-34.445,59.699,-33.367,36.324,-174.211,198.011,-34.566,34.318,24.643,4.738,21.408,58.365,-506.081,97.15,-153.145,130.379,12.954,52.0,-495.205,80.039,-163.875,125.768,31.658,4.872,-330.398,103.771,-86.256,195.096,-767.594,142.759,-329.882,103.552,-89.623,175.421,-748.85,131.494,34.335,5.706,-678.257,123.632,-49.51,234.927,-478.111,198.593,-665.267,101.97,-60.466,217.786,-479.966,191.051,50.749,3.676,-418.1,81.613,-664.679,86.922,-50.695,74.371,-422.89,82.064,-655.297,86.889,-58.75,63.34,40.435,8.818,-219.397,68.112,-614.095,122.027,-178.581,88.502,-218.242,66.537,-605.63,118.278,-181.595,83.515,24.477,3.131,-55.746,37.346,-133.759,98.335,-505.212,94.944,-57.856,27.335,-138.542,97.28,-495.948,80.731,18.335,2.899,18.397,44.329,117.188,54.834,-369.124,72.546,16.145,34.116,113.469,45.777,-368.795,67.894,20.904,1.815,-1.466,23.867,228.198,63.019,-116.668,85.6,0.592,17.871,232.883,59.788,-117.594,75.536,40.726,27.538,49.894,35.265,408.652,143.382,-26.593,68.816,45.902,21.852,400.673,98.501,-30.259,45.068,Voll- ein- halb- aus B,generated_Mean_Voll- ein- halb- aus B
-266.454,261.807,-691.319,266.454,261.807,691.319,376.318,525.573,720.617,-106.202,92.765,-152.071,-87.639,66.738,-283.054,-62.577,-40.774,-244.438,-10.037,143.077,-11.754,106.202,92.765,152.071,87.639,66.738,283.054,62.577,-40.774,244.438,10.037,143.077,11.754,108.984,123.968,152.071,135.269,129.399,283.054,111.832,129.127,244.438,20.233,143.079,41.053,52.501,32.708,-60.379,68.541,427.738,140.004,-165.631,88.007,-65.198,63.848,420.863,102.863,-161.658,63.169,17.193,2.942,-340.172,56.051,191.507,121.27,-356.015,115.686,-335.303,56.326,191.567,124.663,-365.266,102.896,37.561,7.995,-285.353,163.069,-227.333,112.162,-798.948,127.684,-273.231,152.819,-209.742,86.048,-792.437,116.012,54.466,4.224,95.669,127.02,241.517,217.405,-753.854,152.435,72.468,115.102,232.484,201.412,-748.503,136.312,30.923,7.993,-522.895,149.498,282.534,189.245,-411.308,57.616,-509.577,145.631,270.362,180.644,-416.77,55.615,35.264,6.846,-472.526,158.116,-357.496,117.217,-437.361,81.621,-464.669,151.412,-339.789,112.628,-444.331,80.121,47.024,4.013,59.106,106.461,-32.083,230.931,-738.571,105.868,48.419,102.435,-34.785,212.146,-722.573,90.2,28.648,3.597,39.874,60.325,284.638,26.359,-334.546,138.473,40.257,56.236,281.902,19.96,-338.235,137.958,24.293,2.712,-64.664,16.334,334.981,56.095,-25.997,37.158,-61.475,11.821,336.357,47.065,-28.839,38.671,37.967,26.374,12.127,43.39,352.764,138.978,68.431,62.985,9.838,34.995,347.789,111.271,64.443,43.237,Voll- ein- voll- aus A,generated_Mean_Voll- ein- voll- aus A
-412.419,95.668,-644.594,412.419,126.601,644.594,434.13,521.761,668.548,-110.2,61.919,-175.343,-179.241,30.987,-243.492,-111.833,-127.093,-173.38,-11.145,129.855,-52.38,110.2,61.919,175.343,179.241,30.987,243.492,111.833,-23.467,173.38,11.145,57.163,52.38,113.235,113.861,175.343,181.718,116.871,244.391,113.727,160.418,182.864,25.451,130.612,65.951,48.488,32.22,-72.057,80.26,363.556,118.053,-252.868,80.107,-72.728,76.699,356.397,81.145,-244.629,63.264,16.819,4.71,-337.194,62.461,121.23,115.192,-379.516,128.239,-334.463,56.339,120.233,117.281,-388.873,111.065,41.637,8.391,-343.816,119.331,-278.569,101.506,-832.66,133.075,-337.401,103.274,-258.615,82.838,-826.243,123.228,43.074,6.799,-228.667,158.492,243.608,171.666,-746.164,225.593,-241.108,142.64,227.94,159.41,-737.279,207.547,29.072,6.26,-670.808,88.716,69.949,207.223,-167.539,97.279,-658.288,83.707,65.64,197.579,-174.128,99.211,43.362,2.352,-483.956,91.835,-472.861,76.312,-90.725,111.669,-482.747,92.929,-463.289,76.194,-100.144,101.35,39.498,4.963,-124.783,93.349,-299.27,195.685,-580.733,160.357,-131.126,89.175,-296.389,176.944,-570.854,144.871,27.2,4.605,-54.613,44.27,141.324,86.275,-487.424,159.791,-52.745,38.376,139.028,73.997,-482.517,152.341,22.996,2.898,-37.237,31.099,315.129,111.217,-104.462,80.87,-35.647,19.874,314.346,84.199,-110.175,53.45,44.32,27.599,7.303,35.049,322.38,171.26,-16.678,89.292,1.894,22.729,315.79,149.4,-17.552,54.283,Voll- ein- voll- aus C,generated_Mean_Voll- ein- voll- aus C
190.5,-430.757,291.22,190.5,430.757,291.22,348.813,506.076,334.331,-28.347,-102.723,56.332,78.448,-14.609,217.922,134.338,-217.722,2.724,6.061,-95.702,14.243,28.347,102.723,56.332,21.754,14.609,217.922,134.338,217.722,2.724,6.061,95.702,14.243,43.365,103.1,60.402,158.863,82.136,218.293,134.354,217.722,32.054,12.231,103.118,23.583,59.918,34.875,33.192,29.266,-179.436,104.307,48.101,69.1,30.033,23.209,-175.614,90.777,44.892,60.101,11.297,3.617,-91.19,35.374,-210.827,56.428,90.688,34.328,-90.602,33.763,-213.367,36.533,96.075,22.114,18.74,1.986,-206.098,36.517,-237.869,59.799,308.143,81.312,-203.044,32.097,-232.396,55.075,306.268,78.618,23.819,2.828,-10.566,163.395,52.311,104.265,555.687,101.442,-4.752,158.239,48.849,97.548,549.868,86.822,21.23,5.652,513.663,100.096,-36.339,195.345,337.862,154.046,504.232,95.963,-43.243,183.941,336.678,149.887,37.082,4.906,435.203,76.422,-514.884,84.366,-42.22,72.484,434.625,74.895,-506.312,82.864,-35.927,66.767,27.478,4.701,202.79,55.228,-428.342,49.627,8.125,31.325,203.492,55.473,-429.289,47.038,7.185,29.072,16.041,2.754,55.243,32.672,-317.068,56.16,49.793,15.917,56.708,30.16,-316.735,48.589,49.224,9.313,11.077,3.534,7.565,23.658,-243.441,213.2,32.021,78.944,7.974,10.532,-234.046,27.046,31.964,16.921,49.933,22.754,2.504,23.025,-103.089,141.594,-7.319,44.201,2.38,10.074,-112.816,76.822,-6.716,21.903,Voll- ein 1 3/4 Salto vw C,generated_Mean_Voll- ein 1 3/4 Salto vw C
17.627,-662.191,23.748,18.242,662.191,26.536,39.371,674.565,61.252,7.942,-196.756,4.855,4.27,-189.123,8.64,3.773,-139.961,3.532,1.641,-136.351,6.719,7.942,196.756,5.738,4.27,189.123,7.758,4.38,139.961,4.163,1.65,136.351,8.878,12.708,197.317,15.009,11.436,190.919,17.532,6.028,140.209,8.93,9.199,146.12,19.781,63.144,33.711,16.93,23.198,-193.813,129.523,4.321,41.932,16.139,15.799,-190.722,119.186,2.808,34.188,19.193,7.715,2.596,19.513,-462.892,77.381,-7.069,27.897,3.25,14.749,-465.878,73.385,-5.516,20.079,44.426,5.193,31.239,11.589,-671.891,32.266,2.993,21.064,30.877,7.554,-669.363,21.562,3.643,11.147,37.754,11.102,13.738,19.955,-574.757,177.239,34.493,31.515,13.522,17.495,-565.58,166.215,32.8,24.674,14.078,2.86,-15.083,14.742,-49.27,53.393,-22.558,28.76,-14.26,6.481,-59.963,54.352,-21.574,18.471,4.604,2.1,0.672,9.586,-201.028,94.903,-7.361,20.399,0.419,6.152,-199.172,84.989,-7.212,13.759,5.052,1.177,3.945,5.721,-319.994,28.055,0.093,14.575,4.096,4.343,-320.153,26.538,-0.278,11.337,10.481,1.393,11.595,7.424,-381.102,19.065,0.762,12.498,10.994,5.848,-379.682,16.022,0.667,9.624,10.775,3.579,0.851,13.928,-359.791,158.495,11.358,45.98,-0.054,5.849,-354.67,19.785,8.943,10.908,51.08,26.006,-1.586,37.488,-144.233,210.829,-8.914,74.373,-0.582,21.563,-153.035,127.152,-8.274,32.762,1 3/4 Salto vw C,generated_Mean_1 3/4 Salto vw C
-196.617,-733.119,-187.217,196.617,733.119,187.217,315.263,980.869,276.718,-60.276,-292.976,22.866,-154.993,-371.159,8.621,-25.854,-189.84,-140.372,44.506,120.856,-78.332,60.276,292.976,22.866,154.993,371.159,8.621,25.854,189.84,77.399,-44.506,-120.856,78.332,60.285,295.638,32.16,154.993,371.159,20.718,55.435,192.656,140.372,44.55,121.416,83.469,68.386,35.965,-76.606,43.173,-339.231,286.344,-12.851,39.032,-75.474,34.839,-338.649,266.576,-9.444,17.917,50.505,5.168,-133.078,27.328,-806.219,43.641,78.306,35.257,-133.323,23.39,-797.743,37.494,74.272,27.446,55.321,1.04,-224.42,41.169,-693.814,39.878,84.222,28.54,-224.806,38.571,-699.177,27.445,84.864,17.32,55.234,0.206,-316.448,16.716,-755.422,9.635,37.127,19.571,-315.927,15.999,-754.732,7.639,36.647,15.25,55.286,0.212,-340.003,9.141,-768.973,10.161,-27.308,29.06,-338.263,8.863,-769.757,9.407,-27.811,28.36,42.109,12.165,-183.726,110.561,-692.031,166.229,-128.114,32.125,-181.983,103.637,-684.756,149.133,-128.52,24.891,26.738,3.662,8.744,49.288,-254.436,73.466,-340.766,132.134,9.652,31.434,-255.299,60.298,-340.001,118.28,21.997,2.982,106.984,28.655,35.898,79.464,-428.428,75.532,102.317,26.994,31.758,74.915,-424.187,66.376,20.774,2.317,61.596,26.052,214.221,62.885,-177.472,85.487,63.249,21.439,216.928,55.924,-178.882,77.311,41.93,29.268,103.126,36.224,348.766,160.336,-34.61,63.301,99.276,24.746,343.108,109.463,-37.831,25.949,Triffis B,generated_Mean_Triffis B
-3.624,-38.354,-7.997,4.207,38.354,8.077,21.727,120.333,35.647,-1.417,-1.617,0.339,-1.316,-35.171,-3.354,2.933,-29.511,-0.117,-3.823,27.946,-4.865,1.8,4.361,1.775,1.224,32.428,1.893,-0.74,29.511,0.428,1.923,-27.946,3.981,4.593,20.103,6.601,3.275,35.184,5.746,5.072,29.664,8.29,8.786,35.382,15.009,52.987,25.172,0.14,10.903,36.823,42.507,2.288,17.012,0.507,7.855,36.239,37.234,2.006,11.662,2.733,2.071,-6.515,9.149,-30.269,37.54,0.47,15.736,-6.462,6.116,-29.633,18.533,0.317,8.56,0.705,0.212,-3.108,4.307,-41.381,14.107,-3.817,8.362,-3.14,3.088,-41.562,11.868,-3.665,5.795,0.788,0.167,-3.272,4.085,-73.645,10.164,-6.346,7.682,-3.255,3.043,-73.529,8.628,-6.359,5.723,1.027,0.271,-2.125,6.102,-93.602,13.105,-9.126,9.332,-2.008,4.832,-93.095,10.549,-9.007,7.028,1.385,0.309,5.466,6.989,-86.309,16.719,-8.338,11.722,5.289,5.356,-86.083,13.841,-8.223,9.18,1.442,0.303,6.244,6.735,-55.966,14.678,4.027,12.353,6.401,5.167,-56.03,11.776,3.885,9.577,1.653,0.44,6.23,8.554,-30.174,17.181,6.76,17.425,5.915,6.016,-29.407,12.953,6.504,11.022,2.36,0.682,-8.186,11.139,57.526,51.19,-3.692,20.229,-8.315,8.549,60.625,49.584,-3.427,12.422,50.184,32.192,-14.931,27.392,107.379,104.637,-26.197,61.198,-13.686,13.628,101.336,64.652,-24.793,26.137,Bauchsprung,generated_Mean_Bauchsprung
3.754,37.902,6.823,4.442,37.902,6.928,25.232,83.181,41.091,1.464,-10.841,1.773,1.351,2.167,1.846,0.725,9.317,-0.716,0.214,37.26,3.919,3.89,10.841,3.627,-0.146,-1.007,1.521,0.432,-3.126,-0.59,0.267,31.194,2.37,8.544,23.11,15.282,4.507,8.711,7.161,4.63,12.943,7.306,7.551,38.417,11.342,59.97,30.055,-0.585,21.072,-40.908,46.756,10.005,30.326,-0.875,13.463,-39.273,35.364,7.397,16.513,4.705,2.741,5.792,20.393,-28.54,79.584,-2.987,59.469,5.251,11.926,-27.824,40.438,-1.838,20.971,1.39,0.517,3.354,11.501,15.396,14.829,6.94,17.778,3.313,7.296,14.904,8.115,6.711,10.992,0.955,0.271,3.9,6.281,7.996,9.334,3.403,10.561,3.857,4.631,8.037,7.464,3.575,8.024,0.954,0.279,3.716,6.362,-4.628,10.28,3.882,10.454,3.732,4.785,-4.268,7.999,3.835,7.808,1.075,0.333,1.085,6.513,4.606,12.504,2.644,12.088,1.095,4.818,4.764,10.083,2.41,8.867,1.13,0.29,1.915,6.644,28.896,12.236,-4.75,10.688,1.864,5.049,28.818,10.02,-4.478,8.085,1.421,0.373,1.395,8.336,41.928,9.832,-1.075,13.219,1.299,6.409,41.205,6.854,-0.833,9.823,3.403,1.315,-9.073,10.931,28.855,20.861,17.48,22.499,-8.687,7.969,31.018,14.39,16.597,16.371,41.278,25.541,10.544,20.674,168.721,74.762,4.178,29.56,10.152,15.46,168.357,58.274,4.987,14.415,Von Bauch in Stand,generated_Mean_Von Bauch in Stand
78.936,174.775,396.365,78.936,174.775,396.365,162.434,279.442,400.478,41.714,77.145,66.694,60.723,-47.595,204.843,-31.969,64.199,108.633,8.469,81.026,16.195,41.714,77.145,66.694,60.723,-47.595,204.843,-31.969,64.199,108.633,8.469,81.026,16.195,42.045,77.173,66.758,77.197,55.841,204.843,32.024,65.339,108.633,11.167,81.089,20.245,54.207,30.652,47.503,26.668,236.532,51.571,101.486,29.592,47.277,25.071,232.817,42.788,101.264,25.601,4.508,2.165,94.76,15.095,128.872,60.767,146.126,37.006,95.434,11.401,131.13,45.913,146.269,22.518,6.829,1.896,209.581,58.32,66.031,41.572,282.087,67.862,208.473,54.004,62.216,40.518,282.69,65.03,12.749,1.353,222.04,62.68,-147.6,49.849,454.471,28.657,217.822,60.209,-143.323,48.23,452.516,26.006,15.197,0.578,-27.905,57.018,-119.92,57.412,471.639,22.195,-24.726,56.471,-117.397,55.664,469.474,21.35,11.751,1.804,-96.752,10.486,94.488,52.521,334.588,56.079,-95.716,9.104,92.373,51.779,334.514,54.446,7.444,0.682,-61.542,16.627,173.336,9.39,188.122,28.112,-61.266,15.443,172.06,7.648,188.886,28.108,6.629,0.257,-14.827,12.308,151.547,8.661,100.731,25.356,-15.02,11.571,151.987,7.29,101.151,24.56,6.834,0.674,23.014,12.861,159.932,14.055,41.659,16.81,22.576,11.482,160.58,12.882,42.11,14.674,36.012,30.576,25.352,16.677,202.212,73.232,9.132,26.45,24.561,12.662,197.876,51.957,9.333,15.849,Schraubensalto C,generated_Mean_Schraubensalto C
