SprungID,Sprungtyp,Acc_N_Fil,Gyro_x_R,Gyro_y_R,Gyro_z_R,Gyro_x_Fil,Gyro_y_Fil,Gyro_z_Fil,DJump_SIG_I_x LapEnd,DJump_SIG_I_y LapEnd,DJump_SIG_I_z LapEnd,DJump_I_ABS_x LapEnd,DJump_I_ABS_y LapEnd,DJump_I_ABS_z LapEnd,DJump_ABS_I_x LapEnd,DJump_ABS_I_y LapEnd,DJump_ABS_I_z LapEnd,DJump_SIG_I_S1_x LapEnd,DJump_SIG_I_S1_y LapEnd,DJump_SIG_I_S1_z LapEnd,DJump_SIG_I_S2_x LapEnd,DJump_SIG_I_S2_y LapEnd,DJump_SIG_I_S2_z LapEnd,DJump_SIG_I_S3_x LapEnd,DJump_SIG_I_S3_y LapEnd,DJump_SIG_I_S3_z LapEnd,DJump_SIG_I_S4_x LapEnd,DJump_SIG_I_S4_y LapEnd,DJump_SIG_I_S4_z LapEnd,DJump_I_ABS_S1_x LapEnd,DJump_I_ABS_S1_y LapEnd,DJump_I_ABS_S1_z LapEnd,DJump_I_ABS_S2_x LapEnd,DJump_I_ABS_S2_y LapEnd,DJump_I_ABS_S2_z LapEnd,DJump_I_ABS_S3_x LapEnd,DJump_I_ABS_S3_y LapEnd,DJump_I_ABS_S3_z LapEnd,DJump_I_ABS_S4_x LapEnd,DJump_I_ABS_S4_y LapEnd,DJump_I_ABS_S4_z LapEnd,DJump_ABS_I_S1_x LapEnd,DJump_ABS_I_S1_y LapEnd,DJump_ABS_I_S1_z LapEnd,DJump_ABS_I_S2_x LapEnd,DJump_ABS_I_S2_y LapEnd,DJump_ABS_I_S2_z LapEnd,DJump_ABS_I_S3_x LapEnd,DJump_ABS_I_S3_y LapEnd,DJump_ABS_I_S3_z LapEnd,DJump_ABS_I_S4_x LapEnd,DJump_ABS_I_S4_y LapEnd,DJump_ABS_I_S4_z LapEnd
generated_Mean_Salto C,Salto C,100.421,7.39,119.712,5.466,7.975,136.097,-1.069,9.262,348.398,-7.961,15.604,355.9,16.286,34.546,380.652,42.063,-0.063,41.721,-1.661,4.681,182.346,-2.107,2.883,62.567,-2.203,1.761,61.765,-1.989,3.38,42.389,6.227,5.974,186.547,4.429,3.876,63.884,3.764,2.295,62.788,1.619,8.941,66.586,13.421,11.329,187.199,11.851,6.3,63.895,6.453,8.056,63.264,10.586
generated_Mean_Salto C,Salto C,10.108,-6.346,14.338,-7.89,-6.493,30.482,-6.968,9.262,348.398,-7.961,15.604,355.9,16.286,34.546,380.652,42.063,-0.063,41.721,-1.661,4.681,182.346,-2.107,2.883,62.567,-2.203,1.761,61.765,-1.989,3.38,42.389,6.227,5.974,186.547,4.429,3.876,63.884,3.764,2.295,62.788,1.619,8.941,66.586,13.421,11.329,187.199,11.851,6.3,63.895,6.453,8.056,63.264,10.586
generated_Mean_Salto C,Salto C,15.36,14.403,385.369,0.004,13.712,381.848,-0.281,9.262,348.398,-7.961,15.604,355.9,16.286,34.546,380.652,42.063,-0.063,41.721,-1.661,4.681,182.346,-2.107,2.883,62.567,-2.203,1.761,61.765,-1.989,3.38,42.389,6.227,5.974,186.547,4.429,3.876,63.884,3.764,2.295,62.788,1.619,8.941,66.586,13.421,11.329,187.199,11.851,6.3,63.895,6.453,8.056,63.264,10.586
generated_Mean_Salto C,Salto C,3.961,6.334,134.155,-2.109,6.21,134.676,-2.469,9.262,348.398,-7.961,15.604,355.9,16.286,34.546,380.652,42.063,-0.063,41.721,-1.661,4.681,182.346,-2.107,2.883,62.567,-2.203,1.761,61.765,-1.989,3.38,42.389,6.227,5.974,186.547,4.429,3.876,63.884,3.764,2.295,62.788,1.619,8.941,66.586,13.421,11.329,187.199,11.851,6.3,63.895,6.453,8.056,63.264,10.586
generated_Mean_Salto C,Salto C,4.178,0.57,93.276,-6.882,0.144,93.759,-6.146,9.262,348.398,-7.961,15.604,355.9,16.286,34.546,380.652,42.063,-0.063,41.721,-1.661,4.681,182.346,-2.107,2.883,62.567,-2.203,1.761,61.765,-1.989,3.38,42.389,6.227,5.974,186.547,4.429,3.876,63.884,3.764,2.295,62.788,1.619,8.941,66.586,13.421,11.329,187.199,11.851,6.3,63.895,6.453,8.056,63.264,10.586
generated_Mean_Strecksprung,Strecksprung,90.904,-1.087,96.179,-2.985,1.151,103.79,-7.084,-1.075,1.663,-0.057,5.18,13.13,11.04,21.22,82.201,35.815,-0.367,20.833,0.416,0.196,-12.838,0.003,-0.701,-14.34,0.258,-0.204,8.008,-0.734,3.193,22.332,5.795,0.593,-8.662,1.962,0.272,-1.47,1.331,0.107,-3.926,-0.028,7.655,27.299,12.32,4.439,16.229,8.965,4.053,16.988,6.89,6.086,26.541,9.62
generated_Mean_Strecksprung,Strecksprung,1.657,-1.197,8.122,4.803,-0.724,9.09,4.717,-1.075,1.663,-0.057,5.18,13.13,11.04,21.22,82.201,35.815,-0.367,20.833,0.416,0.196,-12.838,0.003,-0.701,-14.34,0.258,-0.204,8.008,-0.734,3.193,22.332,5.795,0.593,-8.662,1.962,0.272,-1.47,1.331,0.107,-3.926,-0.028,7.655,27.299,12.32,4.439,16.229,8.965,4.053,16.988,6.89,6.086,26.541,9.62
generated_Mean_Strecksprung,Strecksprung,0.963,1.202,-36.773,1.453,1.138,-36.461,1.152,-1.075,1.663,-0.057,5.18,13.13,11.04,21.22,82.201,35.815,-0.367,20.833,0.416,0.196,-12.838,0.003,-0.701,-14.34,0.258,-0.204,8.008,-0.734,3.193,22.332,5.795,0.593,-8.662,1.962,0.272,-1.47,1.331,0.107,-3.926,-0.028,7.655,27.299,12.32,4.439,16.229,8.965,4.053,16.988,6.89,6.086,26.541,9.62
generated_Mean_Strecksprung,Strecksprung,0.978,-1.648,-33.289,3.164,-1.74,-33.194,2.989,-1.075,1.663,-0.057,5.18,13.13,11.04,21.22,82.201,35.815,-0.367,20.833,0.416,0.196,-12.838,0.003,-0.701,-14.34,0.258,-0.204,8.008,-0.734,3.193,22.332,5.795,0.593,-8.662,1.962,0.272,-1.47,1.331,0.107,-3.926,-0.028,7.655,27.299,12.32,4.439,16.229,8.965,4.053,16.988,6.89,6.086,26.541,9.62
generated_Mean_Strecksprung,Strecksprung,1.127,-1.135,-23.446,2.023,-1.166,-23.337,1.953,-1.075,1.663,-0.057,5.18,13.13,11.04,21.22,82.201,35.815,-0.367,20.833,0.416,0.196,-12.838,0.003,-0.701,-14.34,0.258,-0.204,8.008,-0.734,3.193,22.332,5.795,0.593,-8.662,1.962,0.272,-1.47,1.331,0.107,-3.926,-0.028,7.655,27.299,12.32,4.439,16.229,8.965,4.053,16.988,6.89,6.086,26.541,9.62
generated_Mean_Salto B,Salto B,95.158,18.012,98.038,-23.911,20.102,131.143,-17.962,12.835,330.557,-17.81,21.87,347.418,27.047,40.814,396.915,51.559,0.595,9.369,-2.835,6.367,180.543,-4.83,3.463,75.588,-6.027,2.409,65.056,-4.118,2.503,12.842,6.238,8.859,184.531,5.867,4.7,79.995,7.174,4.531,67.15,4.367,9.632,60.148,16.154,14.445,191.252,14.86,8.515,79.995,10.69,9.499,68.418,13.256
generated_Mean_Salto B,Salto B,12.289,-5.0,-154.344,0.815,-5.898,-138.191,0.363,12.835,330.557,-17.81,21.87,347.418,27.047,40.814,396.915,51.559,0.595,9.369,-2.835,6.367,180.543,-4.83,3.463,75.588,-6.027,2.409,65.056,-4.118,2.503,12.842,6.238,8.859,184.531,5.867,4.7,79.995,7.174,4.531,67.15,4.367,9.632,60.148,16.154,14.445,191.252,14.86,8.515,79.995,10.69,9.499,68.418,13.256
generated_Mean_Salto B,Salto B,24.211,24.364,529.636,-4.499,23.089,522.609,-6.222,12.835,330.557,-17.81,21.87,347.418,27.047,40.814,396.915,51.559,0.595,9.369,-2.835,6.367,180.543,-4.83,3.463,75.588,-6.027,2.409,65.056,-4.118,2.503,12.842,6.238,8.859,184.531,5.867,4.7,79.995,7.174,4.531,67.15,4.367,9.632,60.148,16.154,14.445,191.252,14.86,8.515,79.995,10.69,9.499,68.418,13.256
generated_Mean_Salto B,Salto B,4.93,5.23,158.553,-11.084,5.501,160.096,-11.231,12.835,330.557,-17.81,21.87,347.418,27.047,40.814,396.915,51.559,0.595,9.369,-2.835,6.367,180.543,-4.83,3.463,75.588,-6.027,2.409,65.056,-4.118,2.503,12.842,6.238,8.859,184.531,5.867,4.7,79.995,7.174,4.531,67.15,4.367,9.632,60.148,16.154,14.445,191.252,14.86,8.515,79.995,10.69,9.499,68.418,13.256
generated_Mean_Salto B,Salto B,4.997,2.097,106.471,-7.509,1.991,106.616,-6.562,12.835,330.557,-17.81,21.87,347.418,27.047,40.814,396.915,51.559,0.595,9.369,-2.835,6.367,180.543,-4.83,3.463,75.588,-6.027,2.409,65.056,-4.118,2.503,12.842,6.238,8.859,184.531,5.867,4.7,79.995,7.174,4.531,67.15,4.367,9.632,60.148,16.154,14.445,191.252,14.86,8.515,79.995,10.69,9.499,68.418,13.256
generated_Mean_Salto A,Salto A,94.009,7.4,126.63,7.937,13.908,119.355,-11.185,5.844,245.005,-22.183,19.245,345.715,23.921,31.73,347.747,44.93,1.898,55.002,-5.055,2.296,71.158,-5.338,0.921,57.664,-4.836,0.729,61.181,-6.953,4.906,78.015,7.288,4.369,96.156,4.642,3.488,81.123,4.507,6.122,90.072,6.801,9.255,79.366,16.135,7.063,96.156,8.578,5.652,81.123,6.704,10.12,91.452,14.196
generated_Mean_Salto A,Salto A,6.29,-3.858,83.16,-14.804,-3.186,84.863,-13.501,5.844,245.005,-22.183,19.245,345.715,23.921,31.73,347.747,44.93,1.898,55.002,-5.055,2.296,71.158,-5.338,0.921,57.664,-4.836,0.729,61.181,-6.953,4.906,78.015,7.288,4.369,96.156,4.642,3.488,81.123,4.507,6.122,90.072,6.801,9.255,79.366,16.135,7.063,96.156,8.578,5.652,81.123,6.704,10.12,91.452,14.196
generated_Mean_Salto A,Salto A,7.402,8.763,163.148,-9.452,8.587,163.975,-10.715,5.844,245.005,-22.183,19.245,345.715,23.921,31.73,347.747,44.93,1.898,55.002,-5.055,2.296,71.158,-5.338,0.921,57.664,-4.836,0.729,61.181,-6.953,4.906,78.015,7.288,4.369,96.156,4.642,3.488,81.123,4.507,6.122,90.072,6.801,9.255,79.366,16.135,7.063,96.156,8.578,5.652,81.123,6.704,10.12,91.452,14.196
generated_Mean_Salto A,Salto A,6.736,2.988,131.407,-8.851,2.857,131.499,-9.35,5.844,245.005,-22.183,19.245,345.715,23.921,31.73,347.747,44.93,1.898,55.002,-5.055,2.296,71.158,-5.338,0.921,57.664,-4.836,0.729,61.181,-6.953,4.906,78.015,7.288,4.369,96.156,4.642,3.488,81.123,4.507,6.122,90.072,6.801,9.255,79.366,16.135,7.063,96.156,8.578,5.652,81.123,6.704,10.12,91.452,14.196
generated_Mean_Salto A,Salto A,7.5,-1.815,117.511,-11.171,-2.006,116.933,-10.754,5.844,245.005,-22.183,19.245,345.715,23.921,31.73,347.747,44.93,1.898,55.002,-5.055,2.296,71.158,-5.338,0.921,57.664,-4.836,0.729,61.181,-6.953,4.906,78.015,7.288,4.369,96.156,4.642,3.488,81.123,4.507,6.122,90.072,6.801,9.255,79.366,16.135,7.063,96.156,8.578,5.652,81.123,6.704,10.12,91.452,14.196
generated_Mean_Barani A,Barani A,94.427,9.098,-11.649,-8.069,11.932,-4.968,5.072,-84.0,43.131,163.634,107.478,69.909,181.168,123.423,254.086,196.93,-10.437,-61.306,27.718,-46.711,-35.796,71.643,-26.558,45.839,62.167,-0.293,94.393,2.107,13.371,66.858,29.089,58.251,41.604,76.16,34.902,-51.238,68.84,-0.061,-8.099,3.713,17.966,69.87,34.968,58.946,46.125,76.163,36.129,52.693,69.56,11.396,106.181,19.604
generated_Mean_Barani A,Barani A,8.121,-35.3,-98.067,87.781,-35.238,-99.116,87.845,-84.0,43.131,163.634,107.478,69.909,181.168,123.423,254.086,196.93,-10.437,-61.306,27.718,-46.711,-35.796,71.643,-26.558,45.839,62.167,-0.293,94.393,2.107,13.371,66.858,29.089,58.251,41.604,76.16,34.902,-51.238,68.84,-0.061,-8.099,3.713,17.966,69.87,34.968,58.946,46.125,76.163,36.129,52.693,69.56,11.396,106.181,19.604
generated_Mean_Barani A,Barani A,10.201,-134.123,-88.76,198.739,-132.458,-88.101,196.482,-84.0,43.131,163.634,107.478,69.909,181.168,123.423,254.086,196.93,-10.437,-61.306,27.718,-46.711,-35.796,71.643,-26.558,45.839,62.167,-0.293,94.393,2.107,13.371,66.858,29.089,58.251,41.604,76.16,34.902,-51.238,68.84,-0.061,-8.099,3.713,17.966,69.87,34.968,58.946,46.125,76.163,36.129,52.693,69.56,11.396,106.181,19.604
generated_Mean_Barani A,Barani A,8.873,-68.174,106.783,174.704,-68.97,106.366,174.428,-84.0,43.131,163.634,107.478,69.909,181.168,123.423,254.086,196.93,-10.437,-61.306,27.718,-46.711,-35.796,71.643,-26.558,45.839,62.167,-0.293,94.393,2.107,13.371,66.858,29.089,58.251,41.604,76.16,34.902,-51.238,68.84,-0.061,-8.099,3.713,17.966,69.87,34.968,58.946,46.125,76.163,36.129,52.693,69.56,11.396,106.181,19.604
generated_Mean_Barani A,Barani A,8.671,-12.063,181.429,25.494,-11.381,182.382,25.706,-84.0,43.131,163.634,107.478,69.909,181.168,123.423,254.086,196.93,-10.437,-61.306,27.718,-46.711,-35.796,71.643,-26.558,45.839,62.167,-0.293,94.393,2.107,13.371,66.858,29.089,58.251,41.604,76.16,34.902,-51.238,68.84,-0.061,-8.099,3.713,17.966,69.87,34.968,58.946,46.125,76.163,36.129,52.693,69.56,11.396,106.181,19.604
generated_Mean_Doppelsalto C,Doppelsalto C,87.366,26.347,172.739,-15.244,29.013,214.778,-13.999,30.506,699.373,-27.635,33.548,700.468,32.073,56.445,702.525,62.287,3.903,71.457,-6.507,2.366,309.755,-5.131,20.261,224.484,-7.533,3.976,93.677,-8.465,4.912,71.457,6.783,7.582,309.755,6.843,16.703,224.484,8.296,3.566,93.677,8.529,10.15,74.88,17.787,14.175,309.755,13.937,22.86,224.484,17.127,10.045,94.502,15.057
generated_Mean_Doppelsalto C,Doppelsalto C,21.335,4.859,88.089,5.898,2.97,97.073,2.796,30.506,699.373,-27.635,33.548,700.468,32.073,56.445,702.525,62.287,3.903,71.457,-6.507,2.366,309.755,-5.131,20.261,224.484,-7.533,3.976,93.677,-8.465,4.912,71.457,6.783,7.582,309.755,6.843,16.703,224.484,8.296,3.566,93.677,8.529,10.15,74.88,17.787,14.175,309.755,13.937,22.86,224.484,17.127,10.045,94.502,15.057
generated_Mean_Doppelsalto C,Doppelsalto C,51.177,7.785,759.281,-3.678,7.682,759.192,-4.312,30.506,699.373,-27.635,33.548,700.468,32.073,56.445,702.525,62.287,3.903,71.457,-6.507,2.366,309.755,-5.131,20.261,224.484,-7.533,3.976,93.677,-8.465,4.912,71.457,6.783,7.582,309.755,6.843,16.703,224.484,8.296,3.566,93.677,8.529,10.15,74.88,17.787,14.175,309.755,13.937,22.86,224.484,17.127,10.045,94.502,15.057
generated_Mean_Doppelsalto C,Doppelsalto C,33.101,64.435,613.465,-18.084,63.654,612.414,-17.117,30.506,699.373,-27.635,33.548,700.468,32.073,56.445,702.525,62.287,3.903,71.457,-6.507,2.366,309.755,-5.131,20.261,224.484,-7.533,3.976,93.677,-8.465,4.912,71.457,6.783,7.582,309.755,6.843,16.703,224.484,8.296,3.566,93.677,8.529,10.15,74.88,17.787,14.175,309.755,13.937,22.86,224.484,17.127,10.045,94.502,15.057
generated_Mean_Doppelsalto C,Doppelsalto C,10.099,8.31,170.453,-25.651,8.912,173.016,-24.222,30.506,699.373,-27.635,33.548,700.468,32.073,56.445,702.525,62.287,3.903,71.457,-6.507,2.366,309.755,-5.131,20.261,224.484,-7.533,3.976,93.677,-8.465,4.912,71.457,6.783,7.582,309.755,6.843,16.703,224.484,8.296,3.566,93.677,8.529,10.15,74.88,17.787,14.175,309.755,13.937,22.86,224.484,17.127,10.045,94.502,15.057
generated_Mean_3/4 Salto rw A,3/4 Salto rw A,88.88,14.527,65.458,33.975,11.203,67.118,10.145,10.945,230.0,-17.947,17.928,315.327,19.74,29.957,317.105,46.138,1.871,42.141,0.922,2.991,54.19,-4.321,1.579,66.698,-5.666,4.504,66.971,-8.882,4.37,60.654,4.512,3.882,75.057,1.405,3.37,89.045,5.099,6.306,90.57,8.723,7.465,60.714,11.064,5.806,75.057,7.264,5.1,89.045,7.795,11.586,92.288,20.014
generated_Mean_3/4 Salto rw A,3/4 Salto rw A,2.721,1.0,63.196,-2.125,-0.011,64.463,-1.441,10.945,230.0,-17.947,17.928,315.327,19.74,29.957,317.105,46.138,1.871,42.141,0.922,2.991,54.19,-4.321,1.579,66.698,-5.666,4.504,66.971,-8.882,4.37,60.654,4.512,3.882,75.057,1.405,3.37,89.045,5.099,6.306,90.57,8.723,7.465,60.714,11.064,5.806,75.057,7.264,5.1,89.045,7.795,11.586,92.288,20.014
generated_Mean_3/4 Salto rw A,3/4 Salto rw A,4.284,8.604,130.824,-4.189,7.765,130.627,-5.06,10.945,230.0,-17.947,17.928,315.327,19.74,29.957,317.105,46.138,1.871,42.141,0.922,2.991,54.19,-4.321,1.579,66.698,-5.666,4.504,66.971,-8.882,4.37,60.654,4.512,3.882,75.057,1.405,3.37,89.045,5.099,6.306,90.57,8.723,7.465,60.714,11.064,5.806,75.057,7.264,5.1,89.045,7.795,11.586,92.288,20.014
generated_Mean_3/4 Salto rw A,3/4 Salto rw A,3.982,3.087,134.34,-11.696,2.844,134.269,-11.429,10.945,230.0,-17.947,17.928,315.327,19.74,29.957,317.105,46.138,1.871,42.141,0.922,2.991,54.19,-4.321,1.579,66.698,-5.666,4.504,66.971,-8.882,4.37,60.654,4.512,3.882,75.057,1.405,3.37,89.045,5.099,6.306,90.57,8.723,7.465,60.714,11.064,5.806,75.057,7.264,5.1,89.045,7.795,11.586,92.288,20.014
generated_Mean_3/4 Salto rw A,3/4 Salto rw A,5.073,-5.129,145.469,-5.78,-4.84,143.283,-2.712,10.945,230.0,-17.947,17.928,315.327,19.74,29.957,317.105,46.138,1.871,42.141,0.922,2.991,54.19,-4.321,1.579,66.698,-5.666,4.504,66.971,-8.882,4.37,60.654,4.512,3.882,75.057,1.405,3.37,89.045,5.099,6.306,90.57,8.723,7.465,60.714,11.064,5.806,75.057,7.264,5.1,89.045,7.795,11.586,92.288,20.014
generated_Mean_Cody C,Cody C,116.119,4.52,-10.995,-31.584,6.013,-21.242,-24.749,-10.567,283.922,-6.899,28.176,391.127,12.414,52.304,475.079,65.24,-5.273,5.288,5.571,-0.141,157.287,-6.901,-3.995,56.5,-2.142,-1.158,64.847,-3.426,7.521,13.535,10.448,10.939,218.391,-1.733,5.951,75.295,1.476,3.766,83.905,2.223,16.029,88.53,22.953,18.222,226.311,19.606,7.172,75.295,7.081,10.881,84.942,15.598
generated_Mean_Cody C,Cody C,14.787,-7.567,136.933,-7.367,-3.621,144.474,-1.944,-10.567,283.922,-6.899,28.176,391.127,12.414,52.304,475.079,65.24,-5.273,5.288,5.571,-0.141,157.287,-6.901,-3.995,56.5,-2.142,-1.158,64.847,-3.426,7.521,13.535,10.448,10.939,218.391,-1.733,5.951,75.295,1.476,3.766,83.905,2.223,16.029,88.53,22.953,18.222,226.311,19.606,7.172,75.295,7.081,10.881,84.942,15.598
generated_Mean_Cody C,Cody C,22.644,9.256,341.544,-67.971,5.757,324.053,-42.901,-10.567,283.922,-6.899,28.176,391.127,12.414,52.304,475.079,65.24,-5.273,5.288,5.571,-0.141,157.287,-6.901,-3.995,56.5,-2.142,-1.158,64.847,-3.426,7.521,13.535,10.448,10.939,218.391,-1.733,5.951,75.295,1.476,3.766,83.905,2.223,16.029,88.53,22.953,18.222,226.311,19.606,7.172,75.295,7.081,10.881,84.942,15.598
generated_Mean_Cody C,Cody C,5.972,-6.318,122.509,-3.324,-6.57,126.926,-4.56,-10.567,283.922,-6.899,28.176,391.127,12.414,52.304,475.079,65.24,-5.273,5.288,5.571,-0.141,157.287,-6.901,-3.995,56.5,-2.142,-1.158,64.847,-3.426,7.521,13.535,10.448,10.939,218.391,-1.733,5.951,75.295,1.476,3.766,83.905,2.223,16.029,88.53,22.953,18.222,226.311,19.606,7.172,75.295,7.081,10.881,84.942,15.598
generated_Mean_Cody C,Cody C,7.89,-9.322,104.845,-0.578,-8.588,103.971,0.282,-10.567,283.922,-6.899,28.176,391.127,12.414,52.304,475.079,65.24,-5.273,5.288,5.571,-0.141,157.287,-6.901,-3.995,56.5,-2.142,-1.158,64.847,-3.426,7.521,13.535,10.448,10.939,218.391,-1.733,5.951,75.295,1.476,3.766,83.905,2.223,16.029,88.53,22.953,18.222,226.311,19.606,7.172,75.295,7.081,10.881,84.942,15.598
generated_Mean_Schraubensalto,Schraubensalto,98.546,7.425,145.631,0.678,11.463,180.398,15.664,48.268,142.986,192.435,61.564,142.986,384.11,159.356,279.195,389.859,14.548,81.59,25.399,46.491,-26.748,61.196,-7.799,-7.526,87.119,-4.973,95.67,18.722,22.574,81.59,57.552,76.594,-26.748,133.357,-31.612,-5.003,155.503,-5.992,93.147,37.698,26.924,81.59,57.921,77.468,48.258,133.357,37.071,53.671,155.503,17.893,95.675,43.078
generated_Mean_Schraubensalto,Schraubensalto,4.203,53.444,106.169,74.338,55.438,111.725,79.125,48.268,142.986,192.435,61.564,142.986,384.11,159.356,279.195,389.859,14.548,81.59,25.399,46.491,-26.748,61.196,-7.799,-7.526,87.119,-4.973,95.67,18.722,22.574,81.59,57.552,76.594,-26.748,133.357,-31.612,-5.003,155.503,-5.992,93.147,37.698,26.924,81.59,57.921,77.468,48.258,133.357,37.071,53.671,155.503,17.893,95.675,43.078
generated_Mean_Schraubensalto,Schraubensalto,6.981,107.131,-106.515,133.244,105.883,-104.969,133.861,48.268,142.986,192.435,61.564,142.986,384.11,159.356,279.195,389.859,14.548,81.59,25.399,46.491,-26.748,61.196,-7.799,-7.526,87.119,-4.973,95.67,18.722,22.574,81.59,57.552,76.594,-26.748,133.357,-31.612,-5.003,155.503,-5.992,93.147,37.698,26.924,81.59,57.921,77.468,48.258,133.357,37.071,53.671,155.503,17.893,95.675,43.078
generated_Mean_Schraubensalto,Schraubensalto,11.982,-9.596,-66.398,224.822,-9.413,-64.726,221.452,48.268,142.986,192.435,61.564,142.986,384.11,159.356,279.195,389.859,14.548,81.59,25.399,46.491,-26.748,61.196,-7.799,-7.526,87.119,-4.973,95.67,18.722,22.574,81.59,57.552,76.594,-26.748,133.357,-31.612,-5.003,155.503,-5.992,93.147,37.698,26.924,81.59,57.921,77.468,48.258,133.357,37.071,53.671,155.503,17.893,95.675,43.078
generated_Mean_Schraubensalto,Schraubensalto,7.992,-28.073,177.765,61.815,-28.186,177.043,63.246,48.268,142.986,192.435,61.564,142.986,384.11,159.356,279.195,389.859,14.548,81.59,25.399,46.491,-26.748,61.196,-7.799,-7.526,87.119,-4.973,95.67,18.722,22.574,81.59,57.552,76.594,-26.748,133.357,-31.612,-5.003,155.503,-5.992,93.147,37.698,26.924,81.59,57.921,77.468,48.258,133.357,37.071,53.671,155.503,17.893,95.675,43.078
generated_Mean_Rudi,Rudi,97.529,13.012,-45.396,23.33,15.775,9.353,14.297,107.928,26.451,535.472,111.86,35.805,535.472,174.403,319.78,554.856,-8.443,-91.748,85.291,78.633,-23.937,261.17,27.591,28.749,170.696,10.147,113.387,18.314,15.493,91.748,85.291,57.375,23.937,261.17,33.242,-28.749,170.696,5.75,-51.131,18.314,22.872,95.44,88.072,89.761,42.319,261.17,43.48,67.072,171.257,18.29,114.949,34.356
generated_Mean_Rudi,Rudi,13.616,-23.93,-196.396,389.079,-23.222,-194.226,389.042,107.928,26.451,535.472,111.86,35.805,535.472,174.403,319.78,554.856,-8.443,-91.748,85.291,78.633,-23.937,261.17,27.591,28.749,170.696,10.147,113.387,18.314,15.493,91.748,85.291,57.375,23.937,261.17,33.242,-28.749,170.696,5.75,-51.131,18.314,22.872,95.44,88.072,89.761,42.319,261.17,43.48,67.072,171.257,18.29,114.949,34.356
generated_Mean_Rudi,Rudi,18.283,260.932,-21.323,626.945,255.986,-23.382,633.891,107.928,26.451,535.472,111.86,35.805,535.472,174.403,319.78,554.856,-8.443,-91.748,85.291,78.633,-23.937,261.17,27.591,28.749,170.696,10.147,113.387,18.314,15.493,91.748,85.291,57.375,23.937,261.17,33.242,-28.749,170.696,5.75,-51.131,18.314,22.872,95.44,88.072,89.761,42.319,261.17,43.48,67.072,171.257,18.29,114.949,34.356
generated_Mean_Rudi,Rudi,14.462,54.432,64.12,500.389,56.879,60.184,497.961,107.928,26.451,535.472,111.86,35.805,535.472,174.403,319.78,554.856,-8.443,-91.748,85.291,78.633,-23.937,261.17,27.591,28.749,170.696,10.147,113.387,18.314,15.493,91.748,85.291,57.375,23.937,261.17,33.242,-28.749,170.696,5.75,-51.131,18.314,22.872,95.44,88.072,89.761,42.319,261.17,43.48,67.072,171.257,18.29,114.949,34.356
generated_Mean_Rudi,Rudi,9.089,-4.508,254.586,76.306,-2.954,253.721,77.767,107.928,26.451,535.472,111.86,35.805,535.472,174.403,319.78,554.856,-8.443,-91.748,85.291,78.633,-23.937,261.17,27.591,28.749,170.696,10.147,113.387,18.314,15.493,91.748,85.291,57.375,23.937,261.17,33.242,-28.749,170.696,5.75,-51.131,18.314,22.872,95.44,88.072,89.761,42.319,261.17,43.48,67.072,171.257,18.29,114.949,34.356
generated_Mean_Fliffis- Rudi C,Fliffis- Rudi C,101.414,26.954,-184.938,50.652,39.218,-48.866,-11.917,84.413,-318.432,530.664,166.216,510.342,625.464,170.983,460.144,603.414,-15.353,-219.892,26.428,-38.286,-203.731,97.139,102.421,-30.904,343.131,35.632,136.095,63.967,16.175,219.892,26.428,37.465,203.731,120.281,15.024,30.904,367.27,27.74,-136.095,68.875,29.809,224.136,49.707,45.63,208.955,124.962,123.481,81.744,367.27,41.877,137.22,104.086
generated_Mean_Fliffis- Rudi C,Fliffis- Rudi C,45.206,-6.356,-628.472,20.706,-11.442,-635.411,47.951,84.413,-318.432,530.664,166.216,510.342,625.464,170.983,460.144,603.414,-15.353,-219.892,26.428,-38.286,-203.731,97.139,102.421,-30.904,343.131,35.632,136.095,63.967,16.175,219.892,26.428,37.465,203.731,120.281,15.024,30.904,367.27,27.74,-136.095,68.875,29.809,224.136,49.707,45.63,208.955,124.962,123.481,81.744,367.27,41.877,137.22,104.086
generated_Mean_Fliffis- Rudi C,Fliffis- Rudi C,44.39,-156.752,-526.07,204.184,-152.41,-515.743,217.897,84.413,-318.432,530.664,166.216,510.342,625.464,170.983,460.144,603.414,-15.353,-219.892,26.428,-38.286,-203.731,97.139,102.421,-30.904,343.131,35.632,136.095,63.967,16.175,219.892,26.428,37.465,203.731,120.281,15.024,30.904,367.27,27.74,-136.095,68.875,29.809,224.136,49.707,45.63,208.955,124.962,123.481,81.744,367.27,41.877,137.22,104.086
generated_Mean_Fliffis- Rudi C,Fliffis- Rudi C,37.811,420.018,-59.656,890.832,414.48,-53.104,882.46,84.413,-318.432,530.664,166.216,510.342,625.464,170.983,460.144,603.414,-15.353,-219.892,26.428,-38.286,-203.731,97.139,102.421,-30.904,343.131,35.632,136.095,63.967,16.175,219.892,26.428,37.465,203.731,120.281,15.024,30.904,367.27,27.74,-136.095,68.875,29.809,224.136,49.707,45.63,208.955,124.962,123.481,81.744,367.27,41.877,137.22,104.086
generated_Mean_Fliffis- Rudi C,Fliffis- Rudi C,20.027,20.844,246.692,373.036,22.737,244.897,378.648,84.413,-318.432,530.664,166.216,510.342,625.464,170.983,460.144,603.414,-15.353,-219.892,26.428,-38.286,-203.731,97.139,102.421,-30.904,343.131,35.632,136.095,63.967,16.175,219.892,26.428,37.465,203.731,120.281,15.024,30.904,367.27,27.74,-136.095,68.875,29.809,224.136,49.707,45.63,208.955,124.962,123.481,81.744,367.27,41.877,137.22,104.086
generated_Mean_Barani C,Barani C,95.123,5.971,43.783,2.158,8.269,48.219,2.925,-43.531,-69.866,199.018,49.825,70.3,207.236,75.522,306.12,221.295,-2.869,-122.387,18.977,-13.039,-57.108,84.244,-25.313,35.595,78.468,-2.311,74.034,17.329,9.961,122.387,19.833,12.269,57.108,87.467,24.467,-35.595,81.793,3.127,-73.6,18.143,14.741,128.037,25.016,21.672,63.706,87.754,28.372,40.033,82.335,10.737,74.345,26.191
generated_Mean_Barani C,Barani C,15.524,-14.282,-418.596,58.92,-15.315,-419.079,59.43,-43.531,-69.866,199.018,49.825,70.3,207.236,75.522,306.12,221.295,-2.869,-122.387,18.977,-13.039,-57.108,84.244,-25.313,35.595,78.468,-2.311,74.034,17.329,9.961,122.387,19.833,12.269,57.108,87.467,24.467,-35.595,81.793,3.127,-73.6,18.143,14.741,128.037,25.016,21.672,63.706,87.754,28.372,40.033,82.335,10.737,74.345,26.191
generated_Mean_Barani C,Barani C,10.336,-17.826,-29.73,218.302,-17.95,-32.243,218.913,-43.531,-69.866,199.018,49.825,70.3,207.236,75.522,306.12,221.295,-2.869,-122.387,18.977,-13.039,-57.108,84.244,-25.313,35.595,78.468,-2.311,74.034,17.329,9.961,122.387,19.833,12.269,57.108,87.467,24.467,-35.595,81.793,3.127,-73.6,18.143,14.741,128.037,25.016,21.672,63.706,87.754,28.372,40.033,82.335,10.737,74.345,26.191
generated_Mean_Barani C,Barani C,6.589,-71.019,81.803,199.172,-69.684,80.574,198.014,-43.531,-69.866,199.018,49.825,70.3,207.236,75.522,306.12,221.295,-2.869,-122.387,18.977,-13.039,-57.108,84.244,-25.313,35.595,78.468,-2.311,74.034,17.329,9.961,122.387,19.833,12.269,57.108,87.467,24.467,-35.595,81.793,3.127,-73.6,18.143,14.741,128.037,25.016,21.672,63.706,87.754,28.372,40.033,82.335,10.737,74.345,26.191
generated_Mean_Barani C,Barani C,5.725,-13.031,127.749,69.723,-12.839,128.998,70.799,-43.531,-69.866,199.018,49.825,70.3,207.236,75.522,306.12,221.295,-2.869,-122.387,18.977,-13.039,-57.108,84.244,-25.313,35.595,78.468,-2.311,74.034,17.329,9.961,122.387,19.833,12.269,57.108,87.467,24.467,-35.595,81.793,3.127,-73.6,18.143,14.741,128.037,25.016,21.672,63.706,87.754,28.372,40.033,82.335,10.737,74.345,26.191
generated_Mean_Grätschwinkel,Grätschwinkel,92.522,1.588,62.747,-6.558,10.588,89.282,-3.486,-3.994,1.934,1.604,6.029,7.529,6.39,28.941,186.705,44.928,-0.531,-2.837,1.066,-1.809,-53.389,1.35,-1.647,40.32,-1.831,-0.007,17.839,1.019,2.32,18.931,3.617,2.163,37.295,0.95,1.062,-40.106,1.033,0.484,-8.591,0.791,7.928,40.538,13.246,7.562,74.897,10.392,6.574,44.75,8.718,6.877,26.52,12.571
generated_Mean_Grätschwinkel,Grätschwinkel,4.042,-6.27,-90.774,-1.105,-5.069,-94.101,0.749,-3.994,1.934,1.604,6.029,7.529,6.39,28.941,186.705,44.928,-0.531,-2.837,1.066,-1.809,-53.389,1.35,-1.647,40.32,-1.831,-0.007,17.839,1.019,2.32,18.931,3.617,2.163,37.295,0.95,1.062,-40.106,1.033,0.484,-8.591,0.791,7.928,40.538,13.246,7.562,74.897,10.392,6.574,44.75,8.718,6.877,26.52,12.571
generated_Mean_Grätschwinkel,Grätschwinkel,9.278,-2.216,-143.078,5.082,-3.456,-134.985,3.121,-3.994,1.934,1.604,6.029,7.529,6.39,28.941,186.705,44.928,-0.531,-2.837,1.066,-1.809,-53.389,1.35,-1.647,40.32,-1.831,-0.007,17.839,1.019,2.32,18.931,3.617,2.163,37.295,0.95,1.062,-40.106,1.033,0.484,-8.591,0.791,7.928,40.538,13.246,7.562,74.897,10.392,6.574,44.75,8.718,6.877,26.52,12.571
generated_Mean_Grätschwinkel,Grätschwinkel,5.906,-4.382,126.279,-9.335,-4.138,123.651,-7.123,-3.994,1.934,1.604,6.029,7.529,6.39,28.941,186.705,44.928,-0.531,-2.837,1.066,-1.809,-53.389,1.35,-1.647,40.32,-1.831,-0.007,17.839,1.019,2.32,18.931,3.617,2.163,37.295,0.95,1.062,-40.106,1.033,0.484,-8.591,0.791,7.928,40.538,13.246,7.562,74.897,10.392,6.574,44.75,8.718,6.877,26.52,12.571
generated_Mean_Grätschwinkel,Grätschwinkel,2.306,-1.843,35.719,3.337,-1.11,37.203,3.767,-3.994,1.934,1.604,6.029,7.529,6.39,28.941,186.705,44.928,-0.531,-2.837,1.066,-1.809,-53.389,1.35,-1.647,40.32,-1.831,-0.007,17.839,1.019,2.32,18.931,3.617,2.163,37.295,0.95,1.062,-40.106,1.033,0.484,-8.591,0.791,7.928,40.538,13.246,7.562,74.897,10.392,6.574,44.75,8.718,6.877,26.52,12.571
generated_Mean_Fliffis C,Fliffis C,95.114,25.133,26.011,-7.711,21.675,43.252,0.266,-47.441,-349.709,132.193,85.176,364.399,203.106,134.057,622.589,235.417,-10.125,-204.907,6.714,-14.476,-255.664,23.634,-22.637,-0.256,90.319,-0.204,111.117,11.527,16.629,204.907,9.241,23.937,255.664,33.238,37.497,0.256,128.254,4.076,-111.117,28.838,22.203,209.621,24.079,31.524,255.817,41.651,64.011,60.403,128.755,19.355,111.438,44.468
generated_Mean_Fliffis C,Fliffis C,40.555,-16.997,-671.699,2.104,-17.323,-664.262,9.567,-47.441,-349.709,132.193,85.176,364.399,203.106,134.057,622.589,235.417,-10.125,-204.907,6.714,-14.476,-255.664,23.634,-22.637,-0.256,90.319,-0.204,111.117,11.527,16.629,204.907,9.241,23.937,255.664,33.238,37.497,0.256,128.254,4.076,-111.117,28.838,22.203,209.621,24.079,31.524,255.817,41.651,64.011,60.403,128.755,19.355,111.438,44.468
generated_Mean_Fliffis C,Fliffis C,48.158,-20.596,-587.582,51.493,-23.975,-587.153,54.193,-47.441,-349.709,132.193,85.176,364.399,203.106,134.057,622.589,235.417,-10.125,-204.907,6.714,-14.476,-255.664,23.634,-22.637,-0.256,90.319,-0.204,111.117,11.527,16.629,204.907,9.241,23.937,255.664,33.238,37.497,0.256,128.254,4.076,-111.117,28.838,22.203,209.621,24.079,31.524,255.817,41.651,64.011,60.403,128.755,19.355,111.438,44.468
generated_Mean_Fliffis C,Fliffis C,19.416,-59.884,-15.574,231.668,-57.532,-27.981,233.709,-47.441,-349.709,132.193,85.176,364.399,203.106,134.057,622.589,235.417,-10.125,-204.907,6.714,-14.476,-255.664,23.634,-22.637,-0.256,90.319,-0.204,111.117,11.527,16.629,204.907,9.241,23.937,255.664,33.238,37.497,0.256,128.254,4.076,-111.117,28.838,22.203,209.621,24.079,31.524,255.817,41.651,64.011,60.403,128.755,19.355,111.438,44.468
generated_Mean_Fliffis C,Fliffis C,13.506,-14.574,195.725,73.776,-15.396,196.38,76.666,-47.441,-349.709,132.193,85.176,364.399,203.106,134.057,622.589,235.417,-10.125,-204.907,6.714,-14.476,-255.664,23.634,-22.637,-0.256,90.319,-0.204,111.117,11.527,16.629,204.907,9.241,23.937,255.664,33.238,37.497,0.256,128.254,4.076,-111.117,28.838,22.203,209.621,24.079,31.524,255.817,41.651,64.011,60.403,128.755,19.355,111.438,44.468
generated_Mean_1/2 ein 1/2 aus C,1/2 ein 1/2 aus C,108.309,18.58,133.388,-16.784,19.228,193.426,-8.837,-25.407,-88.832,-9.36,220.917,95.464,250.127,342.984,545.736,327.27,-14.476,71.693,-3.302,-8.6,-248.344,-5.636,0.012,-22.532,-12.655,-2.343,110.351,12.232,109.568,71.693,82.497,155.527,104.959,-3.934,-39.217,22.532,147.723,-4.962,-103.719,23.842,118.033,96.675,82.925,155.54,248.344,52.625,49.05,90.193,147.812,20.36,110.524,43.908
generated_Mean_1/2 ein 1/2 aus C,1/2 ein 1/2 aus C,16.194,-39.032,32.26,-41.044,-40.346,17.911,-30.349,-25.407,-88.832,-9.36,220.917,95.464,250.127,342.984,545.736,327.27,-14.476,71.693,-3.302,-8.6,-248.344,-5.636,0.012,-22.532,-12.655,-2.343,110.351,12.232,109.568,71.693,82.497,155.527,104.959,-3.934,-39.217,22.532,147.723,-4.962,-103.719,23.842,118.033,96.675,82.925,155.54,248.344,52.625,49.05,90.193,147.812,20.36,110.524,43.908
generated_Mean_1/2 ein 1/2 aus C,1/2 ein 1/2 aus C,46.7,-1.636,-619.288,-33.916,-3.419,-618.237,-30.323,-25.407,-88.832,-9.36,220.917,95.464,250.127,342.984,545.736,327.27,-14.476,71.693,-3.302,-8.6,-248.344,-5.636,0.012,-22.532,-12.655,-2.343,110.351,12.232,109.568,71.693,82.497,155.527,104.959,-3.934,-39.217,22.532,147.723,-4.962,-103.719,23.842,118.033,96.675,82.925,155.54,248.344,52.625,49.05,90.193,147.812,20.36,110.524,43.908
generated_Mean_1/2 ein 1/2 aus C,1/2 ein 1/2 aus C,21.667,1.82,-44.3,-34.096,-7.325,-48.471,-32.327,-25.407,-88.832,-9.36,220.917,95.464,250.127,342.984,545.736,327.27,-14.476,71.693,-3.302,-8.6,-248.344,-5.636,0.012,-22.532,-12.655,-2.343,110.351,12.232,109.568,71.693,82.497,155.527,104.959,-3.934,-39.217,22.532,147.723,-4.962,-103.719,23.842,118.033,96.675,82.925,155.54,248.344,52.625,49.05,90.193,147.812,20.36,110.524,43.908
generated_Mean_1/2 ein 1/2 aus C,1/2 ein 1/2 aus C,13.691,-25.952,186.14,56.928,-26.423,190.617,55.919,-25.407,-88.832,-9.36,220.917,95.464,250.127,342.984,545.736,327.27,-14.476,71.693,-3.302,-8.6,-248.344,-5.636,0.012,-22.532,-12.655,-2.343,110.351,12.232,109.568,71.693,82.497,155.527,104.959,-3.934,-39.217,22.532,147.723,-4.962,-103.719,23.842,118.033,96.675,82.925,155.54,248.344,52.625,49.05,90.193,147.812,20.36,110.524,43.908
generated_Mean_Doppelsalto B,Doppelsalto B,101.53,31.349,163.316,-9.924,30.657,202.839,-14.483,13.762,691.071,-18.249,25.331,692.525,26.043,62.368,716.658,59.463,1.714,56.278,-9.066,-11.519,287.782,0.695,17.81,249.437,-3.019,5.757,97.574,-6.859,4.245,56.278,9.911,11.626,287.782,0.511,2.563,249.437,5.575,5.62,97.574,6.583,11.424,82.187,20.305,18.231,287.811,12.507,22.687,249.437,15.055,11.303,98.677,15.058
generated_Mean_Doppelsalto B,Doppelsalto B,19.868,-1.491,-111.456,-14.253,-3.756,-77.777,-8.04,13.762,691.071,-18.249,25.331,692.525,26.043,62.368,716.658,59.463,1.714,56.278,-9.066,-11.519,287.782,0.695,17.81,249.437,-3.019,5.757,97.574,-6.859,4.245,56.278,9.911,11.626,287.782,0.511,2.563,249.437,5.575,5.62,97.574,6.583,11.424,82.187,20.305,18.231,287.811,12.507,22.687,249.437,15.055,11.303,98.677,15.058
generated_Mean_Doppelsalto B,Doppelsalto B,36.537,-26.008,670.341,2.774,-25.907,672.502,3.951,13.762,691.071,-18.249,25.331,692.525,26.043,62.368,716.658,59.463,1.714,56.278,-9.066,-11.519,287.782,0.695,17.81,249.437,-3.019,5.757,97.574,-6.859,4.245,56.278,9.911,11.626,287.782,0.511,2.563,249.437,5.575,5.62,97.574,6.583,11.424,82.187,20.305,18.231,287.811,12.507,22.687,249.437,15.055,11.303,98.677,15.058
generated_Mean_Doppelsalto B,Doppelsalto B,38.871,60.988,650.763,4.95,58.919,657.268,3.167,13.762,691.071,-18.249,25.331,692.525,26.043,62.368,716.658,59.463,1.714,56.278,-9.066,-11.519,287.782,0.695,17.81,249.437,-3.019,5.757,97.574,-6.859,4.245,56.278,9.911,11.626,287.782,0.511,2.563,249.437,5.575,5.62,97.574,6.583,11.424,82.187,20.305,18.231,287.811,12.507,22.687,249.437,15.055,11.303,98.677,15.058
generated_Mean_Doppelsalto B,Doppelsalto B,11.157,13.628,149.099,-22.197,14.112,152.763,-21.504,13.762,691.071,-18.249,25.331,692.525,26.043,62.368,716.658,59.463,1.714,56.278,-9.066,-11.519,287.782,0.695,17.81,249.437,-3.019,5.757,97.574,-6.859,4.245,56.278,9.911,11.626,287.782,0.511,2.563,249.437,5.575,5.62,97.574,6.583,11.424,82.187,20.305,18.231,287.811,12.507,22.687,249.437,15.055,11.303,98.677,15.058
generated_Mean_1 3/4 Salto vw B,1 3/4 Salto vw B,93.789,35.869,-1.097,-12.377,38.483,18.244,-20.597,-67.874,-624.105,101.8,67.874,624.105,101.8,93.985,669.699,140.383,-25.666,-211.458,42.652,-16.288,-172.587,23.854,-10.094,-78.533,12.268,-15.827,-161.526,23.026,25.666,211.458,42.652,16.288,172.587,23.854,10.094,78.533,12.268,15.827,161.526,23.026,33.269,213.58,48.139,19.331,176.048,28.088,18.037,99.822,23.069,23.349,180.25,41.088
generated_Mean_1 3/4 Salto vw B,1 3/4 Salto vw B,32.335,-91.589,-686.166,112.949,-88.97,-678.626,104.941,-67.874,-624.105,101.8,67.874,624.105,101.8,93.985,669.699,140.383,-25.666,-211.458,42.652,-16.288,-172.587,23.854,-10.094,-78.533,12.268,-15.827,-161.526,23.026,25.666,211.458,42.652,16.288,172.587,23.854,10.094,78.533,12.268,15.827,161.526,23.026,33.269,213.58,48.139,19.331,176.048,28.088,18.037,99.822,23.069,23.349,180.25,41.088
generated_Mean_1 3/4 Salto vw B,1 3/4 Salto vw B,17.367,-33.16,-417.714,17.68,-30.893,-408.837,26.187,-67.874,-624.105,101.8,67.874,624.105,101.8,93.985,669.699,140.383,-25.666,-211.458,42.652,-16.288,-172.587,23.854,-10.094,-78.533,12.268,-15.827,-161.526,23.026,25.666,211.458,42.652,16.288,172.587,23.854,10.094,78.533,12.268,15.827,161.526,23.026,33.269,213.58,48.139,19.331,176.048,28.088,18.037,99.822,23.069,23.349,180.25,41.088
generated_Mean_1 3/4 Salto vw B,1 3/4 Salto vw B,5.36,-22.743,-37.423,5.56,-21.309,-46.549,1.676,-67.874,-624.105,101.8,67.874,624.105,101.8,93.985,669.699,140.383,-25.666,-211.458,42.652,-16.288,-172.587,23.854,-10.094,-78.533,12.268,-15.827,-161.526,23.026,25.666,211.458,42.652,16.288,172.587,23.854,10.094,78.533,12.268,15.827,161.526,23.026,33.269,213.58,48.139,19.331,176.048,28.088,18.037,99.822,23.069,23.349,180.25,41.088
generated_Mean_1 3/4 Salto vw B,1 3/4 Salto vw B,22.111,-45.96,-525.274,77.377,-46.271,-525.326,82.676,-67.874,-624.105,101.8,67.874,624.105,101.8,93.985,669.699,140.383,-25.666,-211.458,42.652,-16.288,-172.587,23.854,-10.094,-78.533,12.268,-15.827,-161.526,23.026,25.666,211.458,42.652,16.288,172.587,23.854,10.094,78.533,12.268,15.827,161.526,23.026,33.269,213.58,48.139,19.331,176.048,28.088,18.037,99.822,23.069,23.349,180.25,41.088
generated_Mean_Fliffis aus C,Fliffis aus C,104.397,-12.538,-121.071,-27.884,-1.491,-84.599,-16.666,47.143,-331.88,85.738,47.143,331.88,166.335,90.423,689.337,231.918,18.041,-219.328,-5.158,13.11,-266.361,1.725,14.718,16.743,90.432,1.273,137.066,-1.261,18.041,219.328,5.492,16.281,266.361,10.807,11.548,-16.743,145.533,1.273,-137.066,4.503,20.804,220.22,16.415,23.777,266.361,37.014,31.568,64.266,150.62,14.273,138.489,27.869
generated_Mean_Fliffis aus C,Fliffis aus C,41.181,50.12,-686.782,9.16,51.813,-678.898,0.616,47.143,-331.88,85.738,47.143,331.88,166.335,90.423,689.337,231.918,18.041,-219.328,-5.158,13.11,-266.361,1.725,14.718,16.743,90.432,1.273,137.066,-1.261,18.041,219.328,5.492,16.281,266.361,10.807,11.548,-16.743,145.533,1.273,-137.066,4.503,20.804,220.22,16.415,23.777,266.361,37.014,31.568,64.266,150.62,14.273,138.489,27.869
generated_Mean_Fliffis aus C,Fliffis aus C,51.289,53.453,-747.342,36.044,50.32,-729.367,32.693,47.143,-331.88,85.738,47.143,331.88,166.335,90.423,689.337,231.918,18.041,-219.328,-5.158,13.11,-266.361,1.725,14.718,16.743,90.432,1.273,137.066,-1.261,18.041,219.328,5.492,16.281,266.361,10.807,11.548,-16.743,145.533,1.273,-137.066,4.503,20.804,220.22,16.415,23.777,266.361,37.014,31.568,64.266,150.62,14.273,138.489,27.869
generated_Mean_Fliffis aus C,Fliffis aus C,21.441,75.031,82.409,318.604,71.262,57.278,319.19,47.143,-331.88,85.738,47.143,331.88,166.335,90.423,689.337,231.918,18.041,-219.328,-5.158,13.11,-266.361,1.725,14.718,16.743,90.432,1.273,137.066,-1.261,18.041,219.328,5.492,16.281,266.361,10.807,11.548,-16.743,145.533,1.273,-137.066,4.503,20.804,220.22,16.415,23.777,266.361,37.014,31.568,64.266,150.62,14.273,138.489,27.869
generated_Mean_Fliffis aus C,Fliffis aus C,13.242,-26.56,310.422,37.796,-17.793,317.27,27.449,47.143,-331.88,85.738,47.143,331.88,166.335,90.423,689.337,231.918,18.041,-219.328,-5.158,13.11,-266.361,1.725,14.718,16.743,90.432,1.273,137.066,-1.261,18.041,219.328,5.492,16.281,266.361,10.807,11.548,-16.743,145.533,1.273,-137.066,4.503,20.804,220.22,16.415,23.777,266.361,37.014,31.568,64.266,150.62,14.273,138.489,27.869
generated_Mean_Salto rw B,Salto rw B,92.588,32.52,74.189,-47.309,-5.506,193.669,-27.19,-7.016,344.504,-13.229,13.674,344.504,15.223,37.771,452.343,58.391,0.846,14.248,0.169,-0.234,162.248,-8.148,-4.011,92.925,0.832,-3.616,75.084,-6.082,1.961,14.248,2.981,4.341,162.248,4.998,3.645,92.925,2.802,3.727,75.084,4.442,8.985,101.664,17.42,9.912,175.373,14.608,9.556,92.925,11.493,9.318,82.381,14.87
generated_Mean_Salto rw B,Salto rw B,11.946,4.126,-270.731,33.337,5.736,-255.65,14.709,-7.016,344.504,-13.229,13.674,344.504,15.223,37.771,452.343,58.391,0.846,14.248,0.169,-0.234,162.248,-8.148,-4.011,92.925,0.832,-3.616,75.084,-6.082,1.961,14.248,2.981,4.341,162.248,4.998,3.645,92.925,2.802,3.727,75.084,4.442,8.985,101.664,17.42,9.912,175.373,14.608,9.556,92.925,11.493,9.318,82.381,14.87
generated_Mean_Salto rw B,Salto rw B,19.029,6.194,580.051,-28.011,2.136,573.376,-26.111,-7.016,344.504,-13.229,13.674,344.504,15.223,37.771,452.343,58.391,0.846,14.248,0.169,-0.234,162.248,-8.148,-4.011,92.925,0.832,-3.616,75.084,-6.082,1.961,14.248,2.981,4.341,162.248,4.998,3.645,92.925,2.802,3.727,75.084,4.442,8.985,101.664,17.42,9.912,175.373,14.608,9.556,92.925,11.493,9.318,82.381,14.87
generated_Mean_Salto rw B,Salto rw B,5.602,-8.177,200.32,9.251,-11.254,203.017,11.473,-7.016,344.504,-13.229,13.674,344.504,15.223,37.771,452.343,58.391,0.846,14.248,0.169,-0.234,162.248,-8.148,-4.011,92.925,0.832,-3.616,75.084,-6.082,1.961,14.248,2.981,4.341,162.248,4.998,3.645,92.925,2.802,3.727,75.084,4.442,8.985,101.664,17.42,9.912,175.373,14.608,9.556,92.925,11.493,9.318,82.381,14.87
generated_Mean_Salto rw B,Salto rw B,4.4,4.011,188.52,9.886,3.881,183.04,4.663,-7.016,344.504,-13.229,13.674,344.504,15.223,37.771,452.343,58.391,0.846,14.248,0.169,-0.234,162.248,-8.148,-4.011,92.925,0.832,-3.616,75.084,-6.082,1.961,14.248,2.981,4.341,162.248,4.998,3.645,92.925,2.802,3.727,75.084,4.442,8.985,101.664,17.42,9.912,175.373,14.608,9.556,92.925,11.493,9.318,82.381,14.87
generated_Mean_Salto rw A,Salto rw A,94.585,-16.345,97.342,-8.938,-9.855,176.854,8.591,-14.817,337.451,-13.282,15.158,337.451,14.397,31.741,344.647,41.688,-3.264,97.413,-6.107,-3.992,89.459,4.038,0.942,62.999,-4.522,-8.502,87.579,-6.691,4.191,97.413,7.529,3.065,89.459,-0.719,0.123,62.999,3.427,7.779,87.579,4.161,9.907,97.767,15.719,6.676,89.459,6.682,3.737,62.999,5.536,11.421,94.421,13.75
generated_Mean_Salto rw A,Salto rw A,6.913,-11.124,169.109,-7.055,-14.112,171.181,-7.125,-14.817,337.451,-13.282,15.158,337.451,14.397,31.741,344.647,41.688,-3.264,97.413,-6.107,-3.992,89.459,4.038,0.942,62.999,-4.522,-8.502,87.579,-6.691,4.191,97.413,7.529,3.065,89.459,-0.719,0.123,62.999,3.427,7.779,87.579,4.161,9.907,97.767,15.719,6.676,89.459,6.682,3.737,62.999,5.536,11.421,94.421,13.75
generated_Mean_Salto rw A,Salto rw A,7.202,-6.407,236.68,16.171,-4.468,233.587,16.993,-14.817,337.451,-13.282,15.158,337.451,14.397,31.741,344.647,41.688,-3.264,97.413,-6.107,-3.992,89.459,4.038,0.942,62.999,-4.522,-8.502,87.579,-6.691,4.191,97.413,7.529,3.065,89.459,-0.719,0.123,62.999,3.427,7.779,87.579,4.161,9.907,97.767,15.719,6.676,89.459,6.682,3.737,62.999,5.536,11.421,94.421,13.75
generated_Mean_Salto rw A,Salto rw A,6.363,8.084,146.298,-6.993,7.58,148.644,-7.936,-14.817,337.451,-13.282,15.158,337.451,14.397,31.741,344.647,41.688,-3.264,97.413,-6.107,-3.992,89.459,4.038,0.942,62.999,-4.522,-8.502,87.579,-6.691,4.191,97.413,7.529,3.065,89.459,-0.719,0.123,62.999,3.427,7.779,87.579,4.161,9.907,97.767,15.719,6.676,89.459,6.682,3.737,62.999,5.536,11.421,94.421,13.75
generated_Mean_Salto rw A,Salto rw A,7.068,-15.618,211.647,-5.247,-13.926,213.099,-5.398,-14.817,337.451,-13.282,15.158,337.451,14.397,31.741,344.647,41.688,-3.264,97.413,-6.107,-3.992,89.459,4.038,0.942,62.999,-4.522,-8.502,87.579,-6.691,4.191,97.413,7.529,3.065,89.459,-0.719,0.123,62.999,3.427,7.779,87.579,4.161,9.907,97.767,15.719,6.676,89.459,6.682,3.737,62.999,5.536,11.421,94.421,13.75
generated_Mean_Salto rw C,Salto rw C,92.021,21.533,-176.533,58.8,-22.13,122.197,-20.23,-1.423,345.503,-9.436,10.049,345.503,9.436,36.164,415.434,59.007,1.233,20.717,10.02,4.92,218.205,-8.926,-0.02,39.094,-4.879,-7.556,67.487,-5.652,1.402,20.717,10.02,7.055,218.205,-7.39,0.41,39.094,1.215,1.182,67.487,5.591,9.609,82.833,18.799,11.553,218.703,18.519,4.587,39.094,7.509,10.414,74.804,14.181
generated_Mean_Salto rw C,Salto rw C,10.049,-9.573,-350.48,141.053,-2.34,-221.66,60.457,-1.423,345.503,-9.436,10.049,345.503,9.436,36.164,415.434,59.007,1.233,20.717,10.02,4.92,218.205,-8.926,-0.02,39.094,-4.879,-7.556,67.487,-5.652,1.402,20.717,10.02,7.055,218.205,-7.39,0.41,39.094,1.215,1.182,67.487,5.591,9.609,82.833,18.799,11.553,218.703,18.519,4.587,39.094,7.509,10.414,74.804,14.181
generated_Mean_Salto rw C,Salto rw C,18.002,7.16,633.067,-43.827,9.523,613.303,-32.593,-1.423,345.503,-9.436,10.049,345.503,9.436,36.164,415.434,59.007,1.233,20.717,10.02,4.92,218.205,-8.926,-0.02,39.094,-4.879,-7.556,67.487,-5.652,1.402,20.717,10.02,7.055,218.205,-7.39,0.41,39.094,1.215,1.182,67.487,5.591,9.609,82.833,18.799,11.553,218.703,18.519,4.587,39.094,7.509,10.414,74.804,14.181
generated_Mean_Salto rw C,Salto rw C,3.676,6.4,48.133,-17.0,6.223,59.223,-14.267,-1.423,345.503,-9.436,10.049,345.503,9.436,36.164,415.434,59.007,1.233,20.717,10.02,4.92,218.205,-8.926,-0.02,39.094,-4.879,-7.556,67.487,-5.652,1.402,20.717,10.02,7.055,218.205,-7.39,0.41,39.094,1.215,1.182,67.487,5.591,9.609,82.833,18.799,11.553,218.703,18.519,4.587,39.094,7.509,10.414,74.804,14.181
generated_Mean_Salto rw C,Salto rw C,3.325,-2.773,193.827,6.307,-1.91,183.317,3.16,-1.423,345.503,-9.436,10.049,345.503,9.436,36.164,415.434,59.007,1.233,20.717,10.02,4.92,218.205,-8.926,-0.02,39.094,-4.879,-7.556,67.487,-5.652,1.402,20.717,10.02,7.055,218.205,-7.39,0.41,39.094,1.215,1.182,67.487,5.591,9.609,82.833,18.799,11.553,218.703,18.519,4.587,39.094,7.509,10.414,74.804,14.181
generated_Mean_3/4 Salto vw A,3/4 Salto vw A,98.314,-13.893,-6.04,26.198,0.396,-1.54,2.081,8.315,-182.851,18.134,16.003,278.464,18.134,27.45,303.388,46.041,3.714,-7.049,3.407,1.389,-36.653,3.54,2.487,-73.855,6.831,0.725,-65.294,4.356,3.768,14.98,3.919,3.482,47.203,3.259,6.382,117.68,6.632,2.371,98.601,4.324,7.398,26.943,12.969,4.678,47.833,5.874,7.706,117.68,10.123,7.668,110.932,17.075
generated_Mean_3/4 Salto vw A,3/4 Salto vw A,3.084,6.987,36.622,15.724,7.265,28.952,13.549,8.315,-182.851,18.134,16.003,278.464,18.134,27.45,303.388,46.041,3.714,-7.049,3.407,1.389,-36.653,3.54,2.487,-73.855,6.831,0.725,-65.294,4.356,3.768,14.98,3.919,3.482,47.203,3.259,6.382,117.68,6.632,2.371,98.601,4.324,7.398,26.943,12.969,4.678,47.833,5.874,7.706,117.68,10.123,7.668,110.932,17.075
generated_Mean_3/4 Salto vw A,3/4 Salto vw A,1.186,1.558,-114.236,7.971,1.935,-112.898,7.623,8.315,-182.851,18.134,16.003,278.464,18.134,27.45,303.388,46.041,3.714,-7.049,3.407,1.389,-36.653,3.54,2.487,-73.855,6.831,0.725,-65.294,4.356,3.768,14.98,3.919,3.482,47.203,3.259,6.382,117.68,6.632,2.371,98.601,4.324,7.398,26.943,12.969,4.678,47.833,5.874,7.706,117.68,10.123,7.668,110.932,17.075
generated_Mean_3/4 Salto vw A,3/4 Salto vw A,3.181,3.836,-157.429,21.364,4.837,-155.888,19.643,8.315,-182.851,18.134,16.003,278.464,18.134,27.45,303.388,46.041,3.714,-7.049,3.407,1.389,-36.653,3.54,2.487,-73.855,6.831,0.725,-65.294,4.356,3.768,14.98,3.919,3.482,47.203,3.259,6.382,117.68,6.632,2.371,98.601,4.324,7.398,26.943,12.969,4.678,47.833,5.874,7.706,117.68,10.123,7.668,110.932,17.075
generated_Mean_3/4 Salto vw A,3/4 Salto vw A,7.805,-5.896,-211.764,19.14,-5.199,-210.866,15.088,8.315,-182.851,18.134,16.003,278.464,18.134,27.45,303.388,46.041,3.714,-7.049,3.407,1.389,-36.653,3.54,2.487,-73.855,6.831,0.725,-65.294,4.356,3.768,14.98,3.919,3.482,47.203,3.259,6.382,117.68,6.632,2.371,98.601,4.324,7.398,26.943,12.969,4.678,47.833,5.874,7.706,117.68,10.123,7.668,110.932,17.075
generated_Mean_Baby- Fliffis C,Baby- Fliffis C,107.926,-2.857,9.562,-4.718,0.895,4.659,2.712,-14.312,-64.974,192.416,41.502,86.014,192.416,80.532,405.237,232.644,0.496,-84.864,5.181,-11.322,-90.755,74.086,-7.168,25.106,105.762,3.682,85.54,7.388,7.02,113.533,11.75,18.93,115.726,67.516,18.504,-31.942,105.762,-2.953,-111.304,7.388,14.982,133.527,24.913,26.188,117.644,74.945,23.593,40.493,105.921,15.769,113.574,26.865
generated_Mean_Baby- Fliffis C,Baby- Fliffis C,24.204,6.282,-369.235,15.817,5.803,-366.861,17.67,-14.312,-64.974,192.416,41.502,86.014,192.416,80.532,405.237,232.644,0.496,-84.864,5.181,-11.322,-90.755,74.086,-7.168,25.106,105.762,3.682,85.54,7.388,7.02,113.533,11.75,18.93,115.726,67.516,18.504,-31.942,105.762,-2.953,-111.304,7.388,14.982,133.527,24.913,26.188,117.644,74.945,23.593,40.493,105.921,15.769,113.574,26.865
generated_Mean_Baby- Fliffis C,Baby- Fliffis C,18.425,-34.61,-148.628,225.317,-35.375,-158.723,221.83,-14.312,-64.974,192.416,41.502,86.014,192.416,80.532,405.237,232.644,0.496,-84.864,5.181,-11.322,-90.755,74.086,-7.168,25.106,105.762,3.682,85.54,7.388,7.02,113.533,11.75,18.93,115.726,67.516,18.504,-31.942,105.762,-2.953,-111.304,7.388,14.982,133.527,24.913,26.188,117.644,74.945,23.593,40.493,105.921,15.769,113.574,26.865
generated_Mean_Baby- Fliffis C,Baby- Fliffis C,11.315,-23.682,53.873,338.52,-22.024,51.84,335.057,-14.312,-64.974,192.416,41.502,86.014,192.416,80.532,405.237,232.644,0.496,-84.864,5.181,-11.322,-90.755,74.086,-7.168,25.106,105.762,3.682,85.54,7.388,7.02,113.533,11.75,18.93,115.726,67.516,18.504,-31.942,105.762,-2.953,-111.304,7.388,14.982,133.527,24.913,26.188,117.644,74.945,23.593,40.493,105.921,15.769,113.574,26.865
generated_Mean_Baby- Fliffis C,Baby- Fliffis C,8.64,-2.515,178.245,69.677,-2.142,181.071,69.81,-14.312,-64.974,192.416,41.502,86.014,192.416,80.532,405.237,232.644,0.496,-84.864,5.181,-11.322,-90.755,74.086,-7.168,25.106,105.762,3.682,85.54,7.388,7.02,113.533,11.75,18.93,115.726,67.516,18.504,-31.942,105.762,-2.953,-111.304,7.388,14.982,133.527,24.913,26.188,117.644,74.945,23.593,40.493,105.921,15.769,113.574,26.865
generated_Mean_Fliffis aus B,Fliffis aus B,107.671,-6.796,-46.072,-8.584,-2.049,-10.806,-25.932,123.098,-287.24,-46.755,123.098,287.24,147.035,177.702,666.841,224.173,5.191,-238.192,3.361,12.477,-199.928,-40.306,97.631,8.686,-1.563,7.798,142.195,-8.246,14.381,238.192,11.706,30.019,199.928,25.24,70.9,-8.686,96.858,7.798,-142.195,13.23,22.915,239.762,20.954,38.172,205.043,46.627,100.658,79.813,125.158,15.957,142.223,31.433
generated_Mean_Fliffis aus B,Fliffis aus B,39.878,-7.124,-759.864,19.94,-8.314,-753.52,17.144,123.098,-287.24,-46.755,123.098,287.24,147.035,177.702,666.841,224.173,5.191,-238.192,3.361,12.477,-199.928,-40.306,97.631,8.686,-1.563,7.798,142.195,-8.246,14.381,238.192,11.706,30.019,199.928,25.24,70.9,-8.686,96.858,7.798,-142.195,13.23,22.915,239.762,20.954,38.172,205.043,46.627,100.658,79.813,125.158,15.957,142.223,31.433
generated_Mean_Fliffis aus B,Fliffis aus B,26.074,65.644,-323.432,-88.988,62.324,-331.081,-92.537,123.098,-287.24,-46.755,123.098,287.24,147.035,177.702,666.841,224.173,5.191,-238.192,3.361,12.477,-199.928,-40.306,97.631,8.686,-1.563,7.798,142.195,-8.246,14.381,238.192,11.706,30.019,199.928,25.24,70.9,-8.686,96.858,7.798,-142.195,13.23,22.915,239.762,20.954,38.172,205.043,46.627,100.658,79.813,125.158,15.957,142.223,31.433
generated_Mean_Fliffis aus B,Fliffis aus B,20.779,249.56,-62.004,60.556,248.469,-53.544,57.97,123.098,-287.24,-46.755,123.098,287.24,147.035,177.702,666.841,224.173,5.191,-238.192,3.361,12.477,-199.928,-40.306,97.631,8.686,-1.563,7.798,142.195,-8.246,14.381,238.192,11.706,30.019,199.928,25.24,70.9,-8.686,96.858,7.798,-142.195,13.23,22.915,239.762,20.954,38.172,205.043,46.627,100.658,79.813,125.158,15.957,142.223,31.433
generated_Mean_Fliffis aus B,Fliffis aus B,13.888,27.332,318.804,-68.624,26.72,294.71,-58.638,123.098,-287.24,-46.755,123.098,287.24,147.035,177.702,666.841,224.173,5.191,-238.192,3.361,12.477,-199.928,-40.306,97.631,8.686,-1.563,7.798,142.195,-8.246,14.381,238.192,11.706,30.019,199.928,25.24,70.9,-8.686,96.858,7.798,-142.195,13.23,22.915,239.762,20.954,38.172,205.043,46.627,100.658,79.813,125.158,15.957,142.223,31.433
generated_Mean_Bücksprung,Bücksprung,77.97,-88.52,11.707,35.813,-17.5,-145.517,-65.867,7.312,-3.921,4.169,7.312,4.755,4.169,37.269,206.88,50.412,1.849,19.96,8.29,5.798,4.448,-2.814,-1.869,-31.257,1.744,1.534,2.928,-3.05,1.849,19.96,8.29,5.798,4.448,-2.814,-0.883,-17.559,2.198,0.548,-2.094,-3.504,12.082,71.152,18.68,7.932,85.315,8.968,9.202,31.831,9.404,8.053,18.582,13.361
generated_Mean_Bücksprung,Bücksprung,11.821,9.307,235.627,24.84,16.347,238.753,33.197,7.312,-3.921,4.169,7.312,4.755,4.169,37.269,206.88,50.412,1.849,19.96,8.29,5.798,4.448,-2.814,-1.869,-31.257,1.744,1.534,2.928,-3.05,1.849,19.96,8.29,5.798,4.448,-2.814,-0.883,-17.559,2.198,0.548,-2.094,-3.504,12.082,71.152,18.68,7.932,85.315,8.968,9.202,31.831,9.404,8.053,18.582,13.361
generated_Mean_Bücksprung,Bücksprung,13.218,9.013,-175.533,-11.293,14.58,-144.6,-7.653,7.312,-3.921,4.169,7.312,4.755,4.169,37.269,206.88,50.412,1.849,19.96,8.29,5.798,4.448,-2.814,-1.869,-31.257,1.744,1.534,2.928,-3.05,1.849,19.96,8.29,5.798,4.448,-2.814,-0.883,-17.559,2.198,0.548,-2.094,-3.504,12.082,71.152,18.68,7.932,85.315,8.968,9.202,31.831,9.404,8.053,18.582,13.361
generated_Mean_Bücksprung,Bücksprung,3.753,8.08,-71.387,4.267,5.54,-73.813,5.433,7.312,-3.921,4.169,7.312,4.755,4.169,37.269,206.88,50.412,1.849,19.96,8.29,5.798,4.448,-2.814,-1.869,-31.257,1.744,1.534,2.928,-3.05,1.849,19.96,8.29,5.798,4.448,-2.814,-0.883,-17.559,2.198,0.548,-2.094,-3.504,12.082,71.152,18.68,7.932,85.315,8.968,9.202,31.831,9.404,8.053,18.582,13.361
generated_Mean_Bücksprung,Bücksprung,1.823,14.893,5.52,-3.973,13.683,7.103,-2.4,7.312,-3.921,4.169,7.312,4.755,4.169,37.269,206.88,50.412,1.849,19.96,8.29,5.798,4.448,-2.814,-1.869,-31.257,1.744,1.534,2.928,-3.05,1.849,19.96,8.29,5.798,4.448,-2.814,-0.883,-17.559,2.198,0.548,-2.094,-3.504,12.082,71.152,18.68,7.932,85.315,8.968,9.202,31.831,9.404,8.053,18.582,13.361
generated_Mean_Hocksprung,Hocksprung,92.203,17.093,-115.053,596.307,18.103,-123.397,-60.47,1.076,-9.973,1.097,3.038,9.973,1.112,28.957,161.211,60.586,1.55,22.401,6.713,1.938,-16.485,-1.943,0.711,-15.799,7.331,-3.122,-0.091,-11.004,2.24,22.401,6.713,2.063,-16.485,-1.943,0.373,3.965,7.331,-1.638,0.091,-10.989,9.419,69.172,21.234,7.667,54.004,10.976,4.979,20.329,9.582,6.892,17.707,18.793
generated_Mean_Hocksprung,Hocksprung,8.695,-3.267,253.173,-47.653,-1.293,238.223,-14.08,1.076,-9.973,1.097,3.038,9.973,1.112,28.957,161.211,60.586,1.55,22.401,6.713,1.938,-16.485,-1.943,0.711,-15.799,7.331,-3.122,-0.091,-11.004,2.24,22.401,6.713,2.063,-16.485,-1.943,0.373,3.965,7.331,-1.638,0.091,-10.989,9.419,69.172,21.234,7.667,54.004,10.976,4.979,20.329,9.582,6.892,17.707,18.793
generated_Mean_Hocksprung,Hocksprung,5.485,8.427,-142.547,-8.347,9.153,-139.483,-7.773,1.076,-9.973,1.097,3.038,9.973,1.112,28.957,161.211,60.586,1.55,22.401,6.713,1.938,-16.485,-1.943,0.711,-15.799,7.331,-3.122,-0.091,-11.004,2.24,22.401,6.713,2.063,-16.485,-1.943,0.373,3.965,7.331,-1.638,0.091,-10.989,9.419,69.172,21.234,7.667,54.004,10.976,4.979,20.329,9.582,6.892,17.707,18.793
generated_Mean_Hocksprung,Hocksprung,1.315,1.373,-24.2,12.627,2.48,-27.957,10.853,1.076,-9.973,1.097,3.038,9.973,1.112,28.957,161.211,60.586,1.55,22.401,6.713,1.938,-16.485,-1.943,0.711,-15.799,7.331,-3.122,-0.091,-11.004,2.24,22.401,6.713,2.063,-16.485,-1.943,0.373,3.965,7.331,-1.638,0.091,-10.989,9.419,69.172,21.234,7.667,54.004,10.976,4.979,20.329,9.582,6.892,17.707,18.793
generated_Mean_Hocksprung,Hocksprung,1.622,-17.24,10.893,-27.227,-13.1,9.507,-16.283,1.076,-9.973,1.097,3.038,9.973,1.112,28.957,161.211,60.586,1.55,22.401,6.713,1.938,-16.485,-1.943,0.711,-15.799,7.331,-3.122,-0.091,-11.004,2.24,22.401,6.713,2.063,-16.485,-1.943,0.373,3.965,7.331,-1.638,0.091,-10.989,9.419,69.172,21.234,7.667,54.004,10.976,4.979,20.329,9.582,6.892,17.707,18.793
generated_Mean_Schraubensalto A,Schraubensalto A,93.872,16.658,159.774,-84.075,31.565,171.967,-4.826,95.447,157.595,331.932,98.993,157.595,368.136,163.725,302.214,389.543,30.876,51.75,52.128,63.469,-38.793,147.038,-13.664,32.252,121.536,14.766,112.386,11.229,35.393,82.285,57.973,67.272,-33.488,164.493,-18.56,19.964,133.005,14.888,88.833,12.666,36.709,82.434,62.667,72.285,50.462,164.493,36.114,55.477,133.154,18.617,113.841,29.229
generated_Mean_Schraubensalto A,Schraubensalto A,6.326,110.886,69.016,239.012,111.949,68.811,237.761,95.447,157.595,331.932,98.993,157.595,368.136,163.725,302.214,389.543,30.876,51.75,52.128,63.469,-38.793,147.038,-13.664,32.252,121.536,14.766,112.386,11.229,35.393,82.285,57.973,67.272,-33.488,164.493,-18.56,19.964,133.005,14.888,88.833,12.666,36.709,82.434,62.667,72.285,50.462,164.493,36.114,55.477,133.154,18.617,113.841,29.229
generated_Mean_Schraubensalto A,Schraubensalto A,11.248,188.876,-142.372,367.363,183.848,-141.005,367.449,95.447,157.595,331.932,98.993,157.595,368.136,163.725,302.214,389.543,30.876,51.75,52.128,63.469,-38.793,147.038,-13.664,32.252,121.536,14.766,112.386,11.229,35.393,82.285,57.973,67.272,-33.488,164.493,-18.56,19.964,133.005,14.888,88.833,12.666,36.709,82.434,62.667,72.285,50.462,164.493,36.114,55.477,133.154,18.617,113.841,29.229
generated_Mean_Schraubensalto A,Schraubensalto A,12.463,-55.547,85.725,345.002,-54.343,85.012,344.34,95.447,157.595,331.932,98.993,157.595,368.136,163.725,302.214,389.543,30.876,51.75,52.128,63.469,-38.793,147.038,-13.664,32.252,121.536,14.766,112.386,11.229,35.393,82.285,57.973,67.272,-33.488,164.493,-18.56,19.964,133.005,14.888,88.833,12.666,36.709,82.434,62.667,72.285,50.462,164.493,36.114,55.477,133.154,18.617,113.841,29.229
generated_Mean_Schraubensalto A,Schraubensalto A,9.396,16.08,223.126,77.545,15.276,224.113,78.173,95.447,157.595,331.932,98.993,157.595,368.136,163.725,302.214,389.543,30.876,51.75,52.128,63.469,-38.793,147.038,-13.664,32.252,121.536,14.766,112.386,11.229,35.393,82.285,57.973,67.272,-33.488,164.493,-18.56,19.964,133.005,14.888,88.833,12.666,36.709,82.434,62.667,72.285,50.462,164.493,36.114,55.477,133.154,18.617,113.841,29.229
generated_Mean_Fliffis B,Fliffis B,95.413,13.568,66.893,-22.049,10.842,77.414,-9.75,-61.909,-256.763,179.163,85.835,289.363,236.946,126.215,606.756,256.087,-15.97,-228.922,15.456,-12.384,-190.578,42.734,-40.369,29.212,103.327,6.813,133.526,17.646,18.304,228.922,16.108,14.175,190.578,49.87,48.395,-29.212,140.933,-4.513,-133.526,24.537,24.503,234.875,27.901,26.797,193.616,54.651,66.189,76.753,140.95,18.199,134.112,38.082
generated_Mean_Fliffis B,Fliffis B,40.01,-51.435,-720.467,18.343,-50.932,-712.78,19.429,-61.909,-256.763,179.163,85.835,289.363,236.946,126.215,606.756,256.087,-15.97,-228.922,15.456,-12.384,-190.578,42.734,-40.369,29.212,103.327,6.813,133.526,17.646,18.304,228.922,16.108,14.175,190.578,49.87,48.395,-29.212,140.933,-4.513,-133.526,24.537,24.503,234.875,27.901,26.797,193.616,54.651,66.189,76.753,140.95,18.199,134.112,38.082
generated_Mean_Fliffis B,Fliffis B,27.064,-21.576,-339.078,105.493,-23.544,-344.588,106.171,-61.909,-256.763,179.163,85.835,289.363,236.946,126.215,606.756,256.087,-15.97,-228.922,15.456,-12.384,-190.578,42.734,-40.369,29.212,103.327,6.813,133.526,17.646,18.304,228.922,16.108,14.175,190.578,49.87,48.395,-29.212,140.933,-4.513,-133.526,24.537,24.503,234.875,27.901,26.797,193.616,54.651,66.189,76.753,140.95,18.199,134.112,38.082
generated_Mean_Fliffis B,Fliffis B,21.599,-96.194,26.666,276.824,-95.73,28.139,269.246,-61.909,-256.763,179.163,85.835,289.363,236.946,126.215,606.756,256.087,-15.97,-228.922,15.456,-12.384,-190.578,42.734,-40.369,29.212,103.327,6.813,133.526,17.646,18.304,228.922,16.108,14.175,190.578,49.87,48.395,-29.212,140.933,-4.513,-133.526,24.537,24.503,234.875,27.901,26.797,193.616,54.651,66.189,76.753,140.95,18.199,134.112,38.082
generated_Mean_Fliffis B,Fliffis B,15.755,-6.141,204.451,85.467,-6.04,208.23,87.03,-61.909,-256.763,179.163,85.835,289.363,236.946,126.215,606.756,256.087,-15.97,-228.922,15.456,-12.384,-190.578,42.734,-40.369,29.212,103.327,6.813,133.526,17.646,18.304,228.922,16.108,14.175,190.578,49.87,48.395,-29.212,140.933,-4.513,-133.526,24.537,24.503,234.875,27.901,26.797,193.616,54.651,66.189,76.753,140.95,18.199,134.112,38.082
generated_Mean_Barani B,Barani B,90.813,-14.834,-62.208,-29.9,-14.555,-61.045,-27.42,20.356,-27.913,181.517,29.84,34.174,181.517,62.026,344.631,215.211,10.187,-150.173,9.594,9.543,-29.508,102.505,-1.174,61.277,71.814,1.799,90.491,-2.396,11.018,150.173,9.605,14.251,29.508,102.494,3.115,-61.277,71.814,1.457,-84.231,-2.396,14.298,150.832,20.687,22.381,40.191,103.659,14.44,61.522,72.115,10.907,92.086,18.75
generated_Mean_Barani B,Barani B,16.438,12.334,-423.814,78.314,14.156,-432.34,73.823,20.356,-27.913,181.517,29.84,34.174,181.517,62.026,344.631,215.211,10.187,-150.173,9.594,9.543,-29.508,102.505,-1.174,61.277,71.814,1.799,90.491,-2.396,11.018,150.173,9.605,14.251,29.508,102.494,3.115,-61.277,71.814,1.457,-84.231,-2.396,14.298,150.832,20.687,22.381,40.191,103.659,14.44,61.522,72.115,10.907,92.086,18.75
generated_Mean_Barani B,Barani B,14.015,78.1,-47.226,371.77,71.087,-47.726,362.944,20.356,-27.913,181.517,29.84,34.174,181.517,62.026,344.631,215.211,10.187,-150.173,9.594,9.543,-29.508,102.505,-1.174,61.277,71.814,1.799,90.491,-2.396,11.018,150.173,9.605,14.251,29.508,102.494,3.115,-61.277,71.814,1.457,-84.231,-2.396,14.298,150.832,20.687,22.381,40.191,103.659,14.44,61.522,72.115,10.907,92.086,18.75
generated_Mean_Barani B,Barani B,8.98,-0.004,140.242,204.784,-0.417,139.876,207.085,20.356,-27.913,181.517,29.84,34.174,181.517,62.026,344.631,215.211,10.187,-150.173,9.594,9.543,-29.508,102.505,-1.174,61.277,71.814,1.799,90.491,-2.396,11.018,150.173,9.605,14.251,29.508,102.494,3.115,-61.277,71.814,1.457,-84.231,-2.396,14.298,150.832,20.687,22.381,40.191,103.659,14.44,61.522,72.115,10.907,92.086,18.75
generated_Mean_Barani B,Barani B,6.85,3.74,230.714,31.93,2.542,230.456,27.512,20.356,-27.913,181.517,29.84,34.174,181.517,62.026,344.631,215.211,10.187,-150.173,9.594,9.543,-29.508,102.505,-1.174,61.277,71.814,1.799,90.491,-2.396,11.018,150.173,9.605,14.251,29.508,102.494,3.115,-61.277,71.814,1.457,-84.231,-2.396,14.298,150.832,20.687,22.381,40.191,103.659,14.44,61.522,72.115,10.907,92.086,18.75
generated_Mean_Fliffis- Rudi B,Fliffis- Rudi B,101.917,15.356,25.691,-14.63,16.964,31.7,-7.011,-24.889,-305.726,51.008,240.943,437.093,525.99,257.86,540.432,550.099,-14.916,-250.748,17.571,-47.0,-145.022,-20.031,19.332,-58.255,50.459,17.695,148.299,3.01,20.562,250.748,17.571,70.271,145.022,154.19,101.838,58.255,296.245,12.483,-148.299,43.092,29.088,253.588,28.779,93.131,166.721,173.16,141.7,101.771,296.245,29.73,149.72,66.806
generated_Mean_Fliffis- Rudi B,Fliffis- Rudi B,44.684,-70.899,-777.56,53.017,-69.506,-770.679,47.481,-24.889,-305.726,51.008,240.943,437.093,525.99,257.86,540.432,550.099,-14.916,-250.748,17.571,-47.0,-145.022,-20.031,19.332,-58.255,50.459,17.695,148.299,3.01,20.562,250.748,17.571,70.271,145.022,154.19,101.838,58.255,296.245,12.483,-148.299,43.092,29.088,253.588,28.779,93.131,166.721,173.16,141.7,101.771,296.245,29.73,149.72,66.806
generated_Mean_Fliffis- Rudi B,Fliffis- Rudi B,29.664,-176.514,-226.342,-156.99,-160.871,-222.882,-144.55,-24.889,-305.726,51.008,240.943,437.093,525.99,257.86,540.432,550.099,-14.916,-250.748,17.571,-47.0,-145.022,-20.031,19.332,-58.255,50.459,17.695,148.299,3.01,20.562,250.748,17.571,70.271,145.022,154.19,101.838,58.255,296.245,12.483,-148.299,43.092,29.088,253.588,28.779,93.131,166.721,173.16,141.7,101.771,296.245,29.73,149.72,66.806
generated_Mean_Fliffis- Rudi B,Fliffis- Rudi B,31.8,95.321,-358.145,129.242,91.712,-344.116,138.989,-24.889,-305.726,51.008,240.943,437.093,525.99,257.86,540.432,550.099,-14.916,-250.748,17.571,-47.0,-145.022,-20.031,19.332,-58.255,50.459,17.695,148.299,3.01,20.562,250.748,17.571,70.271,145.022,154.19,101.838,58.255,296.245,12.483,-148.299,43.092,29.088,253.588,28.779,93.131,166.721,173.16,141.7,101.771,296.245,29.73,149.72,66.806
generated_Mean_Fliffis- Rudi B,Fliffis- Rudi B,17.884,24.636,223.035,50.851,24.389,228.615,46.422,-24.889,-305.726,51.008,240.943,437.093,525.99,257.86,540.432,550.099,-14.916,-250.748,17.571,-47.0,-145.022,-20.031,19.332,-58.255,50.459,17.695,148.299,3.01,20.562,250.748,17.571,70.271,145.022,154.19,101.838,58.255,296.245,12.483,-148.299,43.092,29.088,253.588,28.779,93.131,166.721,173.16,141.7,101.771,296.245,29.73,149.72,66.806
generated_Mean_Halb ein Triffis C,Halb ein Triffis C,113.301,-11.347,208.6,-67.36,-9.263,225.582,-81.378,-360.738,-495.995,-247.112,360.738,495.995,247.112,472.882,850.034,412.877,-151.269,11.422,-90.666,-221.861,-374.584,69.121,0.481,-237.76,-136.745,11.911,104.928,-88.821,151.269,11.422,90.666,221.861,351.74,-68.592,-0.481,237.76,136.217,-11.911,-104.928,88.821,151.337,130.786,110.825,221.861,374.584,69.775,77.594,239.465,137.649,22.09,105.198,94.628
generated_Mean_Halb ein Triffis C,Halb ein Triffis C,31.15,-575.627,-324.147,-93.52,-560.48,-318.468,-87.505,-360.738,-495.995,-247.112,360.738,495.995,247.112,472.882,850.034,412.877,-151.269,11.422,-90.666,-221.861,-374.584,69.121,0.481,-237.76,-136.745,11.911,104.928,-88.821,151.269,11.422,90.666,221.861,351.74,-68.592,-0.481,237.76,136.217,-11.911,-104.928,88.821,151.337,130.786,110.825,221.861,374.584,69.775,77.594,239.465,137.649,22.09,105.198,94.628
generated_Mean_Halb ein Triffis C,Halb ein Triffis C,74.632,-412.787,-791.867,115.147,-411.68,-788.223,115.903,-360.738,-495.995,-247.112,360.738,495.995,247.112,472.882,850.034,412.877,-151.269,11.422,-90.666,-221.861,-374.584,69.121,0.481,-237.76,-136.745,11.911,104.928,-88.821,151.269,11.422,90.666,221.861,351.74,-68.592,-0.481,237.76,136.217,-11.911,-104.928,88.821,151.337,130.786,110.825,221.861,374.584,69.775,77.594,239.465,137.649,22.09,105.198,94.628
generated_Mean_Halb ein Triffis C,Halb ein Triffis C,58.675,-9.547,-677.107,-218.28,-12.3,-658.617,-223.2,-360.738,-495.995,-247.112,360.738,495.995,247.112,472.882,850.034,412.877,-151.269,11.422,-90.666,-221.861,-374.584,69.121,0.481,-237.76,-136.745,11.911,104.928,-88.821,151.269,11.422,90.666,221.861,351.74,-68.592,-0.481,237.76,136.217,-11.911,-104.928,88.821,151.337,130.786,110.825,221.861,374.584,69.775,77.594,239.465,137.649,22.09,105.198,94.628
generated_Mean_Halb ein Triffis C,Halb ein Triffis C,17.477,68.72,100.093,-364.28,67.33,104.162,-357.27,-360.738,-495.995,-247.112,360.738,495.995,247.112,472.882,850.034,412.877,-151.269,11.422,-90.666,-221.861,-374.584,69.121,0.481,-237.76,-136.745,11.911,104.928,-88.821,151.269,11.422,90.666,221.861,351.74,-68.592,-0.481,237.76,136.217,-11.911,-104.928,88.821,151.337,130.786,110.825,221.861,374.584,69.775,77.594,239.465,137.649,22.09,105.198,94.628
generated_Mean_Triffis C,Triffis C,110.579,7.4,33.608,-31.824,5.072,40.126,-22.27,-60.035,-770.351,-159.18,60.035,770.351,159.18,211.575,1007.505,265.259,-39.086,-256.469,9.754,-70.877,-406.297,30.063,12.037,-222.603,-127.656,37.891,115.018,-71.342,39.086,256.469,9.754,70.877,406.297,30.063,-12.037,222.603,48.022,-37.891,-115.018,71.342,43.526,258.15,28.565,70.877,406.297,30.399,57.151,226.682,128.808,40.021,116.376,77.486
generated_Mean_Triffis C,Triffis C,62.768,-137.712,-785.432,76.672,-130.066,-783.056,68.326,-60.035,-770.351,-159.18,60.035,770.351,159.18,211.575,1007.505,265.259,-39.086,-256.469,9.754,-70.877,-406.297,30.063,12.037,-222.603,-127.656,37.891,115.018,-71.342,39.086,256.469,9.754,70.877,406.297,30.063,-12.037,222.603,48.022,-37.891,-115.018,71.342,43.526,258.15,28.565,70.877,406.297,30.399,57.151,226.682,128.808,40.021,116.376,77.486
generated_Mean_Triffis C,Triffis C,77.714,-158.6,-862.832,74.128,-158.786,-862.092,77.012,-60.035,-770.351,-159.18,60.035,770.351,159.18,211.575,1007.505,265.259,-39.086,-256.469,9.754,-70.877,-406.297,30.063,12.037,-222.603,-127.656,37.891,115.018,-71.342,39.086,256.469,9.754,70.877,406.297,30.063,-12.037,222.603,48.022,-37.891,-115.018,71.342,43.526,258.15,28.565,70.877,406.297,30.399,57.151,226.682,128.808,40.021,116.376,77.486
generated_Mean_Triffis C,Triffis C,55.87,53.2,-632.136,-231.336,49.318,-631.57,-232.988,-60.035,-770.351,-159.18,60.035,770.351,159.18,211.575,1007.505,265.259,-39.086,-256.469,9.754,-70.877,-406.297,30.063,12.037,-222.603,-127.656,37.891,115.018,-71.342,39.086,256.469,9.754,70.877,406.297,30.063,-12.037,222.603,48.022,-37.891,-115.018,71.342,43.526,258.15,28.565,70.877,406.297,30.399,57.151,226.682,128.808,40.021,116.376,77.486
generated_Mean_Triffis C,Triffis C,18.824,116.688,170.328,-320.048,112.46,158.016,-312.892,-60.035,-770.351,-159.18,60.035,770.351,159.18,211.575,1007.505,265.259,-39.086,-256.469,9.754,-70.877,-406.297,30.063,12.037,-222.603,-127.656,37.891,115.018,-71.342,39.086,256.469,9.754,70.877,406.297,30.063,-12.037,222.603,48.022,-37.891,-115.018,71.342,43.526,258.15,28.565,70.877,406.297,30.399,57.151,226.682,128.808,40.021,116.376,77.486
generated_Mean_Voll- ein- Rudi- aus B,Voll- ein- Rudi- aus B,108.591,-3.92,96.007,-31.64,0.772,100.457,-37.507,-482.785,-138.427,-728.336,482.785,138.427,728.336,550.188,606.242,755.836,-38.117,-144.035,-135.285,-256.841,-107.72,-219.777,-180.648,-48.573,-322.662,-7.179,161.902,-50.612,38.117,144.035,135.285,256.841,107.72,219.777,180.648,48.573,322.662,7.179,-161.902,50.612,70.512,158.981,142.989,256.841,177.981,220.067,198.898,107.379,322.662,23.938,161.902,70.119
generated_Mean_Voll- ein- Rudi- aus B,Voll- ein- Rudi- aus B,29.222,-285.913,-283.8,-674.78,-280.778,-267.998,-654.198,-482.785,-138.427,-728.336,482.785,138.427,728.336,550.188,606.242,755.836,-38.117,-144.035,-135.285,-256.841,-107.72,-219.777,-180.648,-48.573,-322.662,-7.179,161.902,-50.612,38.117,144.035,135.285,256.841,107.72,219.777,180.648,48.573,322.662,7.179,-161.902,50.612,70.512,158.981,142.989,256.841,177.981,220.067,198.898,107.379,322.662,23.938,161.902,70.119
generated_Mean_Voll- ein- Rudi- aus B,Voll- ein- Rudi- aus B,45.851,-374.007,-670.333,-224.273,-394.098,-625.887,-202.18,-482.785,-138.427,-728.336,482.785,138.427,728.336,550.188,606.242,755.836,-38.117,-144.035,-135.285,-256.841,-107.72,-219.777,-180.648,-48.573,-322.662,-7.179,161.902,-50.612,38.117,144.035,135.285,256.841,107.72,219.777,180.648,48.573,322.662,7.179,-161.902,50.612,70.512,158.981,142.989,256.841,177.981,220.067,198.898,107.379,322.662,23.938,161.902,70.119
generated_Mean_Voll- ein- Rudi- aus B,Voll- ein- Rudi- aus B,37.045,-657.553,-194.207,-566.98,-643.053,-192.668,-580.528,-482.785,-138.427,-728.336,482.785,138.427,728.336,550.188,606.242,755.836,-38.117,-144.035,-135.285,-256.841,-107.72,-219.777,-180.648,-48.573,-322.662,-7.179,161.902,-50.612,38.117,144.035,135.285,256.841,107.72,219.777,180.648,48.573,322.662,7.179,-161.902,50.612,70.512,158.981,142.989,256.841,177.981,220.067,198.898,107.379,322.662,23.938,161.902,70.119
generated_Mean_Voll- ein- Rudi- aus B,Voll- ein- Rudi- aus B,19.509,-36.38,258.987,-268.053,-32.527,246.367,-259.537,-482.785,-138.427,-728.336,482.785,138.427,728.336,550.188,606.242,755.836,-38.117,-144.035,-135.285,-256.841,-107.72,-219.777,-180.648,-48.573,-322.662,-7.179,161.902,-50.612,38.117,144.035,135.285,256.841,107.72,219.777,180.648,48.573,322.662,7.179,-161.902,50.612,70.512,158.981,142.989,256.841,177.981,220.067,198.898,107.379,322.662,23.938,161.902,70.119
generated_Mean_Voll- ein- voll- aus B,Voll- ein- voll- aus B,106.494,-14.277,193.007,-60.587,-8.474,235.888,-73.267,-392.081,68.99,-675.423,392.081,84.628,675.423,467.171,572.127,700.376,-124.204,60.923,-179.047,-235.235,-42.388,-285.396,-36.054,-77.487,-180.606,3.412,127.942,-30.374,124.204,60.923,179.047,235.235,-32.552,285.396,36.054,48.54,180.606,-3.412,7.716,30.374,127.02,113.047,179.047,235.235,178.86,287.49,81.558,152.277,180.778,23.359,127.942,53.06
generated_Mean_Voll- ein- voll- aus B,Voll- ein- voll- aus B,29.252,-470.183,-119.557,-662.81,-461.564,-120.365,-655.602,-392.081,68.99,-675.423,392.081,84.628,675.423,467.171,572.127,700.376,-124.204,60.923,-179.047,-235.235,-42.388,-285.396,-36.054,-77.487,-180.606,3.412,127.942,-30.374,124.204,60.923,179.047,235.235,-32.552,285.396,36.054,48.54,180.606,-3.412,7.716,30.374,127.02,113.047,179.047,235.235,178.86,287.49,81.558,152.277,180.778,23.359,127.942,53.06
generated_Mean_Voll- ein- voll- aus B,Voll- ein- voll- aus B,33.774,-792.737,-64.437,-456.493,-769.308,-61.973,-454.878,-392.081,68.99,-675.423,392.081,84.628,675.423,467.171,572.127,700.376,-124.204,60.923,-179.047,-235.235,-42.388,-285.396,-36.054,-77.487,-180.606,3.412,127.942,-30.374,124.204,60.923,179.047,235.235,-32.552,285.396,36.054,48.54,180.606,-3.412,7.716,30.374,127.02,113.047,179.047,235.235,178.86,287.49,81.558,152.277,180.778,23.359,127.942,53.06
generated_Mean_Voll- ein- voll- aus B,Voll- ein- voll- aus B,32.682,-112.717,-205.17,-499.15,-108.508,-214.802,-486.929,-392.081,68.99,-675.423,392.081,84.628,675.423,467.171,572.127,700.376,-124.204,60.923,-179.047,-235.235,-42.388,-285.396,-36.054,-77.487,-180.606,3.412,127.942,-30.374,124.204,60.923,179.047,235.235,-32.552,285.396,36.054,48.54,180.606,-3.412,7.716,30.374,127.02,113.047,179.047,235.235,178.86,287.49,81.558,152.277,180.778,23.359,127.942,53.06
generated_Mean_Voll- ein- voll- aus B,Voll- ein- voll- aus B,18.016,13.913,185.55,-198.257,13.366,193.261,-196.56,-392.081,68.99,-675.423,392.081,84.628,675.423,467.171,572.127,700.376,-124.204,60.923,-179.047,-235.235,-42.388,-285.396,-36.054,-77.487,-180.606,3.412,127.942,-30.374,124.204,60.923,179.047,235.235,-32.552,285.396,36.054,48.54,180.606,-3.412,7.716,30.374,127.02,113.047,179.047,235.235,178.86,287.49,81.558,152.277,180.778,23.359,127.942,53.06
generated_Mean_Voll- ein- halb- aus B,Voll- ein- halb- aus B,99.141,10.737,118.274,-18.714,6.406,127.029,-14.58,-304.612,-269.654,-491.171,304.612,269.654,491.171,375.013,615.11,511.207,-26.379,-147.984,-95.366,-239.075,-123.861,-176.616,-51.082,-127.815,-163.898,11.924,130.006,-55.29,26.379,147.984,95.366,239.075,123.861,176.616,51.082,127.815,163.898,-11.924,-130.006,55.29,48.501,154.749,102.663,239.075,179.465,181.152,59.466,150.231,164.516,27.972,130.664,62.876
generated_Mean_Voll- ein- halb- aus B,Voll- ein- halb- aus B,23.638,-122.811,-288.554,-444.286,-118.701,-312.079,-455.294,-304.612,-269.654,-491.171,304.612,269.654,491.171,375.013,615.11,511.207,-26.379,-147.984,-95.366,-239.075,-123.861,-176.616,-51.082,-127.815,-163.898,11.924,130.006,-55.29,26.379,147.984,95.366,239.075,123.861,176.616,51.082,127.815,163.898,-11.924,-130.006,55.29,48.501,154.749,102.663,239.075,179.465,181.152,59.466,150.231,164.516,27.972,130.664,62.876
generated_Mean_Voll- ein- halb- aus B,Voll- ein- halb- aus B,45.401,-601.56,-467.394,-186.674,-600.191,-456.233,-187.461,-304.612,-269.654,-491.171,304.612,269.654,491.171,375.013,615.11,511.207,-26.379,-147.984,-95.366,-239.075,-123.861,-176.616,-51.082,-127.815,-163.898,11.924,130.006,-55.29,26.379,147.984,95.366,239.075,123.861,176.616,51.082,127.815,163.898,-11.924,-130.006,55.29,48.501,154.749,102.663,239.075,179.465,181.152,59.466,150.231,164.516,27.972,130.664,62.876
generated_Mean_Voll- ein- halb- aus B,Voll- ein- halb- aus B,23.596,-97.989,-322.914,-330.583,-98.017,-339.217,-343.583,-304.612,-269.654,-491.171,304.612,269.654,491.171,375.013,615.11,511.207,-26.379,-147.984,-95.366,-239.075,-123.861,-176.616,-51.082,-127.815,-163.898,11.924,130.006,-55.29,26.379,147.984,95.366,239.075,123.861,176.616,51.082,127.815,163.898,-11.924,-130.006,55.29,48.501,154.749,102.663,239.075,179.465,181.152,59.466,150.231,164.516,27.972,130.664,62.876
generated_Mean_Voll- ein- halb- aus B,Voll- ein- halb- aus B,17.661,23.377,148.977,-259.537,21.274,157.286,-256.969,-304.612,-269.654,-491.171,304.612,269.654,491.171,375.013,615.11,511.207,-26.379,-147.984,-95.366,-239.075,-123.861,-176.616,-51.082,-127.815,-163.898,11.924,130.006,-55.29,26.379,147.984,95.366,239.075,123.861,176.616,51.082,127.815,163.898,-11.924,-130.006,55.29,48.501,154.749,102.663,239.075,179.465,181.152,59.466,150.231,164.516,27.972,130.664,62.876
generated_Mean_Voll- ein- voll- aus A,Voll- ein- voll- aus A,96.242,-32.907,185.307,-134.92,-19.72,257.073,-94.51,-266.454,261.807,-691.319,266.454,261.807,691.319,376.318,525.573,720.617,-106.202,92.765,-152.071,-87.639,66.738,-283.054,-62.577,-40.774,-244.438,-10.037,143.077,-11.754,106.202,92.765,152.071,87.639,66.738,283.054,62.577,-40.774,244.438,10.037,143.077,11.754,108.984,123.968,152.071,135.269,129.399,283.054,111.832,129.127,244.438,20.233,143.079,41.053
generated_Mean_Voll- ein- voll- aus A,Voll- ein- voll- aus A,24.518,-423.867,-33.893,-583.267,-416.753,-38.6,-582.073,-266.454,261.807,-691.319,266.454,261.807,691.319,376.318,525.573,720.617,-106.202,92.765,-152.071,-87.639,66.738,-283.054,-62.577,-40.774,-244.438,-10.037,143.077,-11.754,106.202,92.765,152.071,87.639,66.738,283.054,62.577,-40.774,244.438,10.037,143.077,11.754,108.984,123.968,152.071,135.269,129.399,283.054,111.832,129.127,244.438,20.233,143.079,41.053
generated_Mean_Voll- ein- voll- aus A,Voll- ein- voll- aus A,45.51,-213.0,504.667,-509.347,-206.543,482.34,-528.583,-266.454,261.807,-691.319,266.454,261.807,691.319,376.318,525.573,720.617,-106.202,92.765,-152.071,-87.639,66.738,-283.054,-62.577,-40.774,-244.438,-10.037,143.077,-11.754,106.202,92.765,152.071,87.639,66.738,283.054,62.577,-40.774,244.438,10.037,143.077,11.754,108.984,123.968,152.071,135.269,129.399,283.054,111.832,129.127,244.438,20.233,143.079,41.053
generated_Mean_Voll- ein- voll- aus A,Voll- ein- voll- aus A,45.668,-170.28,-393.093,-621.6,-172.89,-372.497,-621.5,-266.454,261.807,-691.319,266.454,261.807,691.319,376.318,525.573,720.617,-106.202,92.765,-152.071,-87.639,66.738,-283.054,-62.577,-40.774,-244.438,-10.037,143.077,-11.754,106.202,92.765,152.071,87.639,66.738,283.054,62.577,-40.774,244.438,10.037,143.077,11.754,108.984,123.968,152.071,135.269,129.399,283.054,111.832,129.127,244.438,20.233,143.079,41.053
generated_Mean_Voll- ein- voll- aus A,Voll- ein- voll- aus A,25.92,-47.693,241.547,-111.56,-42.747,261.55,-115.517,-266.454,261.807,-691.319,266.454,261.807,691.319,376.318,525.573,720.617,-106.202,92.765,-152.071,-87.639,66.738,-283.054,-62.577,-40.774,-244.438,-10.037,143.077,-11.754,106.202,92.765,152.071,87.639,66.738,283.054,62.577,-40.774,244.438,10.037,143.077,11.754,108.984,123.968,152.071,135.269,129.399,283.054,111.832,129.127,244.438,20.233,143.079,41.053
generated_Mean_Voll- ein- voll- aus C,Voll- ein- voll- aus C,98.434,31.253,129.08,-156.853,32.377,217.277,-138.05,-412.419,95.668,-644.594,412.419,126.601,644.594,434.13,521.761,668.548,-110.2,61.919,-175.343,-179.241,30.987,-243.492,-111.833,-127.093,-173.38,-11.145,129.855,-52.38,110.2,61.919,175.343,179.241,30.987,243.492,111.833,-23.467,173.38,11.145,57.163,52.38,113.235,113.861,175.343,181.718,116.871,244.391,113.727,160.418,182.864,25.451,130.612,65.951
generated_Mean_Voll- ein- voll- aus C,Voll- ein- voll- aus C,26.348,-416.853,-110.44,-623.787,-413.063,-117.667,-615.067,-412.419,95.668,-644.594,412.419,126.601,644.594,434.13,521.761,668.548,-110.2,61.919,-175.343,-179.241,30.987,-243.492,-111.833,-127.093,-173.38,-11.145,129.855,-52.38,110.2,61.919,175.343,179.241,30.987,243.492,111.833,-23.467,173.38,11.145,57.163,52.38,113.235,113.861,175.343,181.718,116.871,244.391,113.727,160.418,182.864,25.451,130.612,65.951
generated_Mean_Voll- ein- voll- aus C,Voll- ein- voll- aus C,31.223,-537.413,372.293,-354.28,-525.383,353.527,-371.667,-412.419,95.668,-644.594,412.419,126.601,644.594,434.13,521.761,668.548,-110.2,61.919,-175.343,-179.241,30.987,-243.492,-111.833,-127.093,-173.38,-11.145,129.855,-52.38,110.2,61.919,175.343,179.241,30.987,243.492,111.833,-23.467,173.38,11.145,57.163,52.38,113.235,113.861,175.343,181.718,116.871,244.391,113.727,160.418,182.864,25.451,130.612,65.951
generated_Mean_Voll- ein- voll- aus C,Voll- ein- voll- aus C,44.049,-300.013,-563.107,-339.373,-302.84,-539.57,-329.51,-412.419,95.668,-644.594,412.419,126.601,644.594,434.13,521.761,668.548,-110.2,61.919,-175.343,-179.241,30.987,-243.492,-111.833,-127.093,-173.38,-11.145,129.855,-52.38,110.2,61.919,175.343,179.241,30.987,243.492,111.833,-23.467,173.38,11.145,57.163,52.38,113.235,113.861,175.343,181.718,116.871,244.391,113.727,160.418,182.864,25.451,130.612,65.951
generated_Mean_Voll- ein- voll- aus C,Voll- ein- voll- aus C,22.163,-55.12,199.8,-191.88,-52.833,208.02,-202.493,-412.419,95.668,-644.594,412.419,126.601,644.594,434.13,521.761,668.548,-110.2,61.919,-175.343,-179.241,30.987,-243.492,-111.833,-127.093,-173.38,-11.145,129.855,-52.38,110.2,61.919,175.343,179.241,30.987,243.492,111.833,-23.467,173.38,11.145,57.163,52.38,113.235,113.861,175.343,181.718,116.871,244.391,113.727,160.418,182.864,25.451,130.612,65.951
generated_Mean_Voll- ein 1 3/4 Salto vw C,Voll- ein 1 3/4 Salto vw C,96.168,-13.533,-19.44,-54.733,-0.793,-19.05,-58.967,190.5,-430.757,291.22,190.5,430.757,291.22,348.813,506.076,334.331,-28.347,-102.723,56.332,78.448,-14.609,217.922,134.338,-217.722,2.724,6.061,-95.702,14.243,28.347,102.723,56.332,21.754,14.609,217.922,134.338,217.722,2.724,6.061,95.702,14.243,43.365,103.1,60.402,158.863,82.136,218.293,134.354,217.722,32.054,12.231,103.118,23.583
generated_Mean_Voll- ein 1 3/4 Salto vw C,Voll- ein 1 3/4 Salto vw C,14.975,-149.253,-264.733,134.533,-148.418,-257.062,146.535,190.5,-430.757,291.22,190.5,430.757,291.22,348.813,506.076,334.331,-28.347,-102.723,56.332,78.448,-14.609,217.922,134.338,-217.722,2.724,6.061,-95.702,14.243,28.347,102.723,56.332,21.754,14.609,217.922,134.338,217.722,2.724,6.061,95.702,14.243,43.365,103.1,60.402,158.863,82.136,218.293,134.354,217.722,32.054,12.231,103.118,23.583
generated_Mean_Voll- ein 1 3/4 Salto vw C,Voll- ein 1 3/4 Salto vw C,20.998,297.2,205.653,585.627,296.718,182.275,576.137,190.5,-430.757,291.22,190.5,430.757,291.22,348.813,506.076,334.331,-28.347,-102.723,56.332,78.448,-14.609,217.922,134.338,-217.722,2.724,6.061,-95.702,14.243,28.347,102.723,56.332,21.754,14.609,217.922,134.338,217.722,2.724,6.061,95.702,14.243,43.365,103.1,60.402,158.863,82.136,218.293,134.354,217.722,32.054,12.231,103.118,23.583
generated_Mean_Voll- ein 1 3/4 Salto vw C,Voll- ein 1 3/4 Salto vw C,35.445,310.747,-517.4,-44.547,308.235,-510.383,-44.972,190.5,-430.757,291.22,190.5,430.757,291.22,348.813,506.076,334.331,-28.347,-102.723,56.332,78.448,-14.609,217.922,134.338,-217.722,2.724,6.061,-95.702,14.243,28.347,102.723,56.332,21.754,14.609,217.922,134.338,217.722,2.724,6.061,95.702,14.243,43.365,103.1,60.402,158.863,82.136,218.293,134.354,217.722,32.054,12.231,103.118,23.583
generated_Mean_Voll- ein 1 3/4 Salto vw C,Voll- ein 1 3/4 Salto vw C,13.075,17.027,-225.293,46.053,16.922,-242.285,43.662,190.5,-430.757,291.22,190.5,430.757,291.22,348.813,506.076,334.331,-28.347,-102.723,56.332,78.448,-14.609,217.922,134.338,-217.722,2.724,6.061,-95.702,14.243,28.347,102.723,56.332,21.754,14.609,217.922,134.338,217.722,2.724,6.061,95.702,14.243,43.365,103.1,60.402,158.863,82.136,218.293,134.354,217.722,32.054,12.231,103.118,23.583
generated_Mean_1 3/4 Salto vw C,1 3/4 Salto vw C,94.786,-14.944,-15.024,-45.888,-7.702,-6.106,-51.47,17.627,-662.191,23.748,18.242,662.191,26.536,39.371,674.565,61.252,7.942,-196.756,4.855,4.27,-189.123,8.64,3.773,-139.961,3.532,1.641,-136.351,6.719,7.942,196.756,5.738,4.27,189.123,7.758,4.38,139.961,4.163,1.65,136.351,8.878,12.708,197.317,15.009,11.436,190.919,17.532,6.028,140.209,8.93,9.199,146.12,19.781
generated_Mean_1 3/4 Salto vw C,1 3/4 Salto vw C,33.52,22.432,-621.68,-9.792,22.54,-617.974,-9.29,17.627,-662.191,23.748,18.242,662.191,26.536,39.371,674.565,61.252,7.942,-196.756,4.855,4.27,-189.123,8.64,3.773,-139.961,3.532,1.641,-136.351,6.719,7.942,196.756,5.738,4.27,189.123,7.758,4.38,139.961,4.163,1.65,136.351,8.878,12.708,197.317,15.009,11.436,190.919,17.532,6.028,140.209,8.93,9.199,146.12,19.781
generated_Mean_1 3/4 Salto vw C,1 3/4 Salto vw C,19.223,-11.2,-201.072,-15.792,-11.104,-212.522,-8.864,17.627,-662.191,23.748,18.242,662.191,26.536,39.371,674.565,61.252,7.942,-196.756,4.855,4.27,-189.123,8.64,3.773,-139.961,3.532,1.641,-136.351,6.719,7.942,196.756,5.738,4.27,189.123,7.758,4.38,139.961,4.163,1.65,136.351,8.878,12.708,197.317,15.009,11.436,190.919,17.532,6.028,140.209,8.93,9.199,146.12,19.781
generated_Mean_1 3/4 Salto vw C,1 3/4 Salto vw C,3.424,2.816,-300.976,14.704,3.388,-289.312,12.18,17.627,-662.191,23.748,18.242,662.191,26.536,39.371,674.565,61.252,7.942,-196.756,4.855,4.27,-189.123,8.64,3.773,-139.961,3.532,1.641,-136.351,6.719,7.942,196.756,5.738,4.27,189.123,7.758,4.38,139.961,4.163,1.65,136.351,8.878,12.708,197.317,15.009,11.436,190.919,17.532,6.028,140.209,8.93,9.199,146.12,19.781
generated_Mean_1 3/4 Salto vw C,1 3/4 Salto vw C,11.316,-0.032,-361.792,17.296,0.26,-362.64,13.808,17.627,-662.191,23.748,18.242,662.191,26.536,39.371,674.565,61.252,7.942,-196.756,4.855,4.27,-189.123,8.64,3.773,-139.961,3.532,1.641,-136.351,6.719,7.942,196.756,5.738,4.27,189.123,7.758,4.38,139.961,4.163,1.65,136.351,8.878,12.708,197.317,15.009,11.436,190.919,17.532,6.028,140.209,8.93,9.199,146.12,19.781
generated_Mean_Triffis B,Triffis B,119.513,-3.728,85.28,-17.792,-8.292,66.414,-19.34,-196.617,-733.119,-187.217,196.617,733.119,187.217,315.263,980.869,276.718,-60.276,-292.976,22.866,-154.993,-371.159,8.621,-25.854,-189.84,-140.372,44.506,120.856,-78.332,60.276,292.976,22.866,154.993,371.159,8.621,25.854,189.84,77.399,-44.506,-120.856,78.332,60.285,295.638,32.16,154.993,371.159,20.718,55.435,192.656,140.372,44.55,121.416,83.469
generated_Mean_Triffis B,Triffis B,53.662,-147.872,-748.64,71.728,-160.232,-750.462,88.18,-196.617,-733.119,-187.217,196.617,733.119,187.217,315.263,980.869,276.718,-60.276,-292.976,22.866,-154.993,-371.159,8.621,-25.854,-189.84,-140.372,44.506,120.856,-78.332,60.276,292.976,22.866,154.993,371.159,8.621,25.854,189.84,77.399,-44.506,-120.856,78.332,60.285,295.638,32.16,154.993,371.159,20.718,55.435,192.656,140.372,44.55,121.416,83.469
generated_Mean_Triffis B,Triffis B,55.473,-339.424,-763.12,15.968,-338.114,-762.022,13.83,-196.617,-733.119,-187.217,196.617,733.119,187.217,315.263,980.869,276.718,-60.276,-292.976,22.866,-154.993,-371.159,8.621,-25.854,-189.84,-140.372,44.506,120.856,-78.332,60.276,292.976,22.866,154.993,371.159,8.621,25.854,189.84,77.399,-44.506,-120.856,78.332,60.285,295.638,32.16,154.993,371.159,20.718,55.435,192.656,140.372,44.55,121.416,83.469
generated_Mean_Triffis B,Triffis B,21.241,22.08,-348.496,-130.192,8.046,-368.232,-148.674,-196.617,-733.119,-187.217,196.617,733.119,187.217,315.263,980.869,276.718,-60.276,-292.976,22.866,-154.993,-371.159,8.621,-25.854,-189.84,-140.372,44.506,120.856,-78.332,60.276,292.976,22.866,154.993,371.159,8.621,25.854,189.84,77.399,-44.506,-120.856,78.332,60.285,295.638,32.16,154.993,371.159,20.718,55.435,192.656,140.372,44.55,121.416,83.469
generated_Mean_Triffis B,Triffis B,17.989,94.064,149.264,-288.48,100.398,137.42,-295.138,-196.617,-733.119,-187.217,196.617,733.119,187.217,315.263,980.869,276.718,-60.276,-292.976,22.866,-154.993,-371.159,8.621,-25.854,-189.84,-140.372,44.506,120.856,-78.332,60.276,292.976,22.866,154.993,371.159,8.621,25.854,189.84,77.399,-44.506,-120.856,78.332,60.285,295.638,32.16,154.993,371.159,20.718,55.435,192.656,140.372,44.55,121.416,83.469
generated_Mean_Bauchsprung,Bauchsprung,83.24,11.899,76.285,10.834,10.969,80.867,10.364,-3.624,-38.354,-7.997,4.207,38.354,8.077,21.727,120.333,35.647,-1.417,-1.617,0.339,-1.316,-35.171,-3.354,2.933,-29.511,-0.117,-3.823,27.946,-4.865,1.8,4.361,1.775,1.224,32.428,1.893,-0.74,29.511,0.428,1.923,-27.946,3.981,4.593,20.103,6.601,3.275,35.184,5.746,5.072,29.664,8.29,8.786,35.382,15.009
generated_Mean_Bauchsprung,Bauchsprung,0.832,-1.506,-23.44,4.186,-2.237,-24.005,2.969,-3.624,-38.354,-7.997,4.207,38.354,8.077,21.727,120.333,35.647,-1.417,-1.617,0.339,-1.316,-35.171,-3.354,2.933,-29.511,-0.117,-3.823,27.946,-4.865,1.8,4.361,1.775,1.224,32.428,1.893,-0.74,29.511,0.428,1.923,-27.946,3.981,4.593,20.103,6.601,3.275,35.184,5.746,5.072,29.664,8.29,8.786,35.382,15.009
generated_Mean_Bauchsprung,Bauchsprung,0.846,-3.231,-84.576,-6.236,-3.252,-84.728,-6.616,-3.624,-38.354,-7.997,4.207,38.354,8.077,21.727,120.333,35.647,-1.417,-1.617,0.339,-1.316,-35.171,-3.354,2.933,-29.511,-0.117,-3.823,27.946,-4.865,1.8,4.361,1.775,1.224,32.428,1.893,-0.74,29.511,0.428,1.923,-27.946,3.981,4.593,20.103,6.601,3.275,35.184,5.746,5.072,29.664,8.29,8.786,35.382,15.009
generated_Mean_Bauchsprung,Bauchsprung,1.448,6.974,-70.974,-0.392,7.196,-71.443,-1.496,-3.624,-38.354,-7.997,4.207,38.354,8.077,21.727,120.333,35.647,-1.417,-1.617,0.339,-1.316,-35.171,-3.354,2.933,-29.511,-0.117,-3.823,27.946,-4.865,1.8,4.361,1.775,1.224,32.428,1.893,-0.74,29.511,0.428,1.923,-27.946,3.981,4.593,20.103,6.601,3.275,35.184,5.746,5.072,29.664,8.29,8.786,35.382,15.009
generated_Mean_Bauchsprung,Bauchsprung,2.058,0.195,-9.642,1.931,-0.343,-6.085,1.843,-3.624,-38.354,-7.997,4.207,38.354,8.077,21.727,120.333,35.647,-1.417,-1.617,0.339,-1.316,-35.171,-3.354,2.933,-29.511,-0.117,-3.823,27.946,-4.865,1.8,4.361,1.775,1.224,32.428,1.893,-0.74,29.511,0.428,1.923,-27.946,3.981,4.593,20.103,6.601,3.275,35.184,5.746,5.072,29.664,8.29,8.786,35.382,15.009
generated_Mean_Von Bauch in Stand,Von Bauch in Stand,101.239,-15.984,0.283,-16.156,-11.041,14.752,-16.518,3.754,37.902,6.823,4.442,37.902,6.928,25.232,83.181,41.091,1.464,-10.841,1.773,1.351,2.167,1.846,0.725,9.317,-0.716,0.214,37.26,3.919,3.89,10.841,3.627,-0.146,-1.007,1.521,0.432,-3.126,-0.59,0.267,31.194,2.37,8.544,23.11,15.282,4.507,8.711,7.161,4.63,12.943,7.306,7.551,38.417,11.342
generated_Mean_Von Bauch in Stand,Von Bauch in Stand,2.154,5.409,5.538,2.386,5.907,8.197,4.012,3.754,37.902,6.823,4.442,37.902,6.928,25.232,83.181,41.091,1.464,-10.841,1.773,1.351,2.167,1.846,0.725,9.317,-0.716,0.214,37.26,3.919,3.89,10.841,3.627,-0.146,-1.007,1.521,0.432,-3.126,-0.59,0.267,31.194,2.37,8.544,23.11,15.282,4.507,8.711,7.161,4.63,12.943,7.306,7.551,38.417,11.342
generated_Mean_Von Bauch in Stand,Von Bauch in Stand,0.893,6.089,-0.359,4.57,5.902,0.41,4.672,3.754,37.902,6.823,4.442,37.902,6.928,25.232,83.181,41.091,1.464,-10.841,1.773,1.351,2.167,1.846,0.725,9.317,-0.716,0.214,37.26,3.919,3.89,10.841,3.627,-0.146,-1.007,1.521,0.432,-3.126,-0.59,0.267,31.194,2.37,8.544,23.11,15.282,4.507,8.711,7.161,4.63,12.943,7.306,7.551,38.417,11.342
generated_Mean_Von Bauch in Stand,Von Bauch in Stand,1.039,0.838,16.655,-0.524,0.553,17.066,-0.394,3.754,37.902,6.823,4.442,37.902,6.928,25.232,83.181,41.091,1.464,-10.841,1.773,1.351,2.167,1.846,0.725,9.317,-0.716,0.214,37.26,3.919,3.89,10.841,3.627,-0.146,-1.007,1.521,0.432,-3.126,-0.59,0.267,31.194,2.37,8.544,23.11,15.282,4.507,8.711,7.161,4.63,12.943,7.306,7.551,38.417,11.342
generated_Mean_Von Bauch in Stand,Von Bauch in Stand,1.946,0.077,36.51,7.071,-0.587,35.502,6.697,3.754,37.902,6.823,4.442,37.902,6.928,25.232,83.181,41.091,1.464,-10.841,1.773,1.351,2.167,1.846,0.725,9.317,-0.716,0.214,37.26,3.919,3.89,10.841,3.627,-0.146,-1.007,1.521,0.432,-3.126,-0.59,0.267,31.194,2.37,8.544,23.11,15.282,4.507,8.711,7.161,4.63,12.943,7.306,7.551,38.417,11.342
generated_Mean_Schraubensalto C,Schraubensalto C,96.278,-2.813,135.664,50.844,1.558,147.196,51.455,78.936,174.775,396.365,78.936,174.775,396.365,162.434,279.442,400.478,41.714,77.145,66.694,60.723,-47.595,204.843,-31.969,64.199,108.633,8.469,81.026,16.195,41.714,77.145,66.694,60.723,-47.595,204.843,-31.969,64.199,108.633,8.469,81.026,16.195,42.045,77.173,66.758,77.197,55.841,204.843,32.024,65.339,108.633,11.167,81.089,20.245
generated_Mean_Schraubensalto C,Schraubensalto C,4.436,115.921,91.247,190.768,120.079,94.812,188.906,78.936,174.775,396.365,78.936,174.775,396.365,162.434,279.442,400.478,41.714,77.145,66.694,60.723,-47.595,204.843,-31.969,64.199,108.633,8.469,81.026,16.195,41.714,77.145,66.694,60.723,-47.595,204.843,-31.969,64.199,108.633,8.469,81.026,16.195,42.045,77.173,66.758,77.197,55.841,204.843,32.024,65.339,108.633,11.167,81.089,20.245
generated_Mean_Schraubensalto C,Schraubensalto C,14.796,91.556,-194.44,488.214,91.988,-189.775,486.219,78.936,174.775,396.365,78.936,174.775,396.365,162.434,279.442,400.478,41.714,77.145,66.694,60.723,-47.595,204.843,-31.969,64.199,108.633,8.469,81.026,16.195,41.714,77.145,66.694,60.723,-47.595,204.843,-31.969,64.199,108.633,8.469,81.026,16.195,42.045,77.173,66.758,77.197,55.841,204.843,32.024,65.339,108.633,11.167,81.089,20.245
generated_Mean_Schraubensalto C,Schraubensalto C,8.696,-82.574,166.74,240.927,-82.466,164.24,243.517,78.936,174.775,396.365,78.936,174.775,396.365,162.434,279.442,400.478,41.714,77.145,66.694,60.723,-47.595,204.843,-31.969,64.199,108.633,8.469,81.026,16.195,41.714,77.145,66.694,60.723,-47.595,204.843,-31.969,64.199,108.633,8.469,81.026,16.195,42.045,77.173,66.758,77.197,55.841,204.843,32.024,65.339,108.633,11.167,81.089,20.245
generated_Mean_Schraubensalto C,Schraubensalto C,6.586,3.722,146.749,61.699,3.539,147.063,62.912,78.936,174.775,396.365,78.936,174.775,396.365,162.434,279.442,400.478,41.714,77.145,66.694,60.723,-47.595,204.843,-31.969,64.199,108.633,8.469,81.026,16.195,41.714,77.145,66.694,60.723,-47.595,204.843,-31.969,64.199,108.633,8.469,81.026,16.195,42.045,77.173,66.758,77.197,55.841,204.843,32.024,65.339,108.633,11.167,81.089,20.245
